index,dose,year,fold
0,1pM,2014,train
1,1pM,2014,validate
2,1pM,2014,train
3,1pM,2014,train
4,1pM,2014,test
5,1pM,2014,test
6,1pM,2014,validate
7,1pM,2014,train
8,1pM,2014,train
9,1pM,2014,train
10,1pM,2014,train
11,1pM,2014,train
12,1pM,2014,train
13,1pM,2014,validate
14,1pM,2014,train
15,1pM,2014,train
16,1pM,2014,train
17,1pM,2014,train
18,1pM,2014,train
19,1pM,2014,train
20,1pM,2014,validate
21,1pM,2014,train
22,1pM,2014,train
23,1pM,2014,train
24,1pM,2014,validate
25,1pM,2014,train
26,1pM,2014,train
27,1pM,2014,train
28,1pM,2014,train
29,1pM,2014,train
30,1pM,2014,train
31,1pM,2014,validate
32,1pM,2014,train
33,1pM,2014,train
34,1pM,2014,train
35,1pM,2014,test
36,1pM,2014,train
37,1pM,2014,train
38,1pM,2014,train
39,1pM,2014,train
40,1pM,2014,train
41,1pM,2014,train
42,1pM,2014,train
43,1pM,2014,train
44,1pM,2014,train
45,1pM,2014,test
46,1pM,2014,train
47,1pM,2014,train
48,1pM,2014,validate
49,1pM,2014,train
50,1pM,2014,test
51,1pM,2014,validate
52,1pM,2014,train
53,1pM,2014,train
54,1pM,2014,train
55,1pM,2014,train
56,1pM,2014,train
57,1pM,2014,train
58,1pM,2014,validate
59,1pM,2014,train
60,1pM,2014,test
61,1pM,2014,train
62,1pM,2014,train
63,1pM,2014,train
64,1pM,2014,train
65,1pM,2014,train
66,1pM,2014,train
67,1pM,2014,validate
68,1pM,2014,train
69,1pM,2014,train
70,1pM,2014,train
71,1pM,2014,train
72,1pM,2014,train
73,1pM,2014,test
74,1pM,2014,train
75,1pM,2014,train
76,1pM,2014,train
77,1pM,2014,train
78,1pM,2014,validate
79,1pM,2014,test
80,1pM,2014,validate
81,1pM,2014,test
82,1pM,2014,test
83,1pM,2014,train
84,1pM,2014,test
85,1pM,2014,train
86,1pM,2014,validate
87,1pM,2014,train
88,1pM,2014,train
89,1pM,2014,train
90,1pM,2014,train
91,1pM,2014,train
92,1pM,2014,train
93,1pM,2014,train
94,1pM,2014,train
95,1pM,2014,train
96,1pM,2014,train
97,1pM,2014,train
98,1pM,2014,train
99,1pM,2014,train
100,1pM,2014,train
101,1pM,2014,train
102,1pM,2014,train
103,1pM,2014,train
104,1pM,2014,train
105,1pM,2014,train
106,1pM,2014,train
107,1pM,2014,train
108,1pM,2014,train
109,1pM,2014,train
110,1pM,2014,train
111,1pM,2014,train
112,1pM,2014,train
113,1pM,2014,test
114,1pM,2014,train
115,1pM,2014,train
116,1pM,2014,validate
117,1pM,2014,train
118,1pM,2014,train
119,1pM,2014,train
120,1pM,2014,train
121,1pM,2014,train
122,1pM,2014,test
123,1pM,2014,train
124,1pM,2014,train
125,1pM,2014,validate
126,1pM,2014,test
127,1pM,2014,validate
128,1pM,2014,train
129,1pM,2014,train
130,1pM,2014,train
131,1pM,2014,train
132,1pM,2014,train
133,1pM,2014,train
134,1pM,2014,validate
135,1pM,2014,train
136,1pM,2014,train
137,1pM,2014,train
138,1pM,2014,test
139,1pM,2014,test
140,1pM,2014,test
141,1pM,2014,train
142,1pM,2014,train
143,1pM,2014,train
144,1pM,2014,train
145,1pM,2014,train
146,1pM,2014,train
147,1pM,2014,train
148,1pM,2014,train
149,1pM,2014,validate
150,1pM,2014,validate
151,1pM,2014,train
152,1pM,2014,train
153,1pM,2014,train
154,1pM,2014,test
155,1pM,2014,train
156,1pM,2014,train
157,1pM,2014,train
158,1pM,2014,train
159,1pM,2014,validate
160,1pM,2014,train
161,1pM,2014,train
162,1pM,2014,train
163,1pM,2014,train
164,1pM,2014,train
165,1pM,2014,train
166,1pM,2014,validate
167,1pM,2014,validate
168,1pM,2014,train
169,1pM,2014,validate
170,1pM,2014,train
171,1pM,2014,validate
172,1pM,2014,train
173,1pM,2014,train
174,1pM,2014,test
175,1pM,2014,train
176,1pM,2014,train
177,1pM,2014,train
178,1pM,2014,train
179,1pM,2014,train
180,1pM,2014,test
181,1pM,2014,train
182,1pM,2014,train
183,1pM,2014,train
184,1pM,2014,test
185,1pM,2014,train
186,1pM,2014,train
187,1pM,2014,train
188,1pM,2014,test
189,1pM,2014,test
190,1pM,2014,test
191,1pM,2014,train
192,1pM,2014,train
193,1pM,2014,train
194,1pM,2014,train
195,1pM,2014,train
196,1pM,2014,validate
197,1pM,2014,train
198,1pM,2014,train
199,1pM,2014,train
200,1pM,2014,test
201,1pM,2014,train
202,1pM,2014,train
203,1pM,2014,train
204,1pM,2014,train
205,1pM,2014,train
206,1pM,2014,test
207,1pM,2014,train
208,1pM,2014,train
209,1pM,2014,train
210,1pM,2014,train
211,1pM,2014,validate
212,1pM,2014,train
213,1pM,2014,train
214,1pM,2014,train
215,1pM,2014,test
216,1pM,2014,train
217,1pM,2014,train
218,1pM,2014,train
219,1pM,2014,train
220,1pM,2014,train
221,1pM,2014,train
222,1pM,2014,train
223,1pM,2014,train
224,1pM,2014,test
225,1pM,2014,train
226,1pM,2014,train
227,1pM,2014,train
228,1pM,2014,train
229,1pM,2014,train
230,1pM,2014,test
231,1pM,2014,train
232,1pM,2014,train
233,1pM,2014,train
234,1pM,2014,train
235,1pM,2014,train
236,1pM,2014,train
237,1pM,2014,validate
238,1pM,2014,train
239,1pM,2014,test
240,1pM,2014,train
241,1pM,2014,train
242,1pM,2014,train
243,1pM,2014,train
244,1pM,2014,train
245,1pM,2014,train
246,1pM,2014,train
247,1pM,2014,train
248,1pM,2014,validate
249,1pM,2014,train
250,1pM,2014,train
251,1pM,2014,train
252,1pM,2014,train
253,1pM,2014,train
254,1pM,2014,validate
255,1pM,2014,train
256,1pM,2014,train
257,1pM,2014,train
258,1pM,2014,train
259,1pM,2014,train
260,1pM,2014,train
261,1pM,2014,train
262,1pM,2014,train
263,1pM,2014,train
264,1pM,2014,train
265,1pM,2014,train
266,1pM,2014,train
267,1pM,2014,train
268,1pM,2014,train
269,1pM,2014,validate
270,1pM,2014,train
271,1pM,2014,train
272,1pM,2014,train
273,1pM,2014,train
274,1pM,2014,train
275,1pM,2014,train
276,1pM,2014,test
277,1pM,2014,train
278,1pM,2014,train
279,1pM,2014,train
280,1pM,2014,train
281,1pM,2014,test
282,1pM,2014,validate
283,1pM,2014,train
284,1pM,2014,train
285,1pM,2014,train
286,1pM,2014,test
287,1pM,2014,train
288,1pM,2014,train
289,1pM,2014,train
290,1pM,2014,train
291,1pM,2014,train
292,1pM,2014,train
293,1pM,2014,train
294,1pM,2014,train
295,1pM,2014,test
296,1pM,2014,train
297,1pM,2014,train
298,1pM,2014,train
299,1pM,2014,train
300,1pM,2014,validate
301,1pM,2014,train
302,1pM,2014,train
303,1pM,2014,train
304,1pM,2014,train
305,1pM,2014,train
306,1pM,2014,train
307,1pM,2014,train
308,1pM,2014,train
309,1pM,2014,train
310,1pM,2014,train
311,1pM,2014,train
312,1pM,2014,train
313,1pM,2014,test
314,1pM,2014,train
315,1pM,2014,train
316,1pM,2014,train
317,1pM,2014,train
318,1pM,2014,test
319,1pM,2014,validate
320,1pM,2014,train
321,1pM,2014,train
322,1pM,2014,train
323,1pM,2014,train
324,1pM,2014,validate
325,1pM,2014,test
326,1pM,2014,train
327,1pM,2014,train
328,1pM,2014,train
329,1pM,2014,test
330,1pM,2014,train
331,1pM,2014,validate
332,1pM,2014,train
333,1pM,2014,train
334,1pM,2014,train
335,1pM,2014,train
336,1pM,2014,train
337,1pM,2014,train
338,1pM,2014,validate
339,1pM,2014,train
340,1pM,2014,train
341,1pM,2014,test
342,1pM,2014,test
343,1pM,2014,train
344,1pM,2014,train
345,1pM,2014,train
346,1pM,2014,train
347,1pM,2014,train
348,1pM,2014,train
349,1pM,2014,train
350,1pM,2014,train
351,1pM,2014,train
352,1pM,2014,train
353,1pM,2014,train
354,1pM,2014,train
355,1pM,2014,train
356,1pM,2014,train
357,1pM,2014,train
358,1pM,2014,train
359,1pM,2014,train
360,1pM,2014,train
361,1pM,2014,validate
362,1pM,2014,train
363,1pM,2014,train
364,1pM,2014,train
365,1pM,2014,train
366,1pM,2014,train
367,1pM,2014,train
368,1pM,2014,train
369,1pM,2014,test
370,1pM,2014,train
371,1pM,2014,train
372,1pM,2014,train
373,1pM,2014,train
374,1pM,2014,train
375,1pM,2014,train
376,1pM,2014,train
377,1pM,2014,train
378,1pM,2014,train
379,1pM,2014,train
380,1pM,2014,train
381,1pM,2014,train
382,1pM,2014,train
383,1pM,2014,train
384,1pM,2014,train
385,1pM,2014,train
386,1pM,2014,train
387,1pM,2014,train
388,1pM,2014,train
389,1pM,2014,train
390,1pM,2014,validate
391,1pM,2014,train
392,1pM,2014,test
393,1pM,2014,train
394,1pM,2014,train
395,1pM,2014,train
396,1pM,2014,train
397,1pM,2014,train
398,1pM,2014,train
399,1pM,2014,train
400,1pM,2014,train
401,1pM,2014,train
402,1pM,2014,train
403,1pM,2014,validate
404,1pM,2014,validate
405,1pM,2014,train
406,1pM,2014,train
407,1pM,2014,train
408,1pM,2014,train
409,1pM,2014,validate
410,1pM,2014,train
411,1pM,2014,validate
412,1pM,2014,train
413,1pM,2014,train
414,1pM,2014,train
415,1pM,2014,train
416,1pM,2014,train
417,1pM,2014,train
418,1pM,2014,train
419,0pM,2013,validate
420,0pM,2013,train
421,0pM,2013,validate
422,0pM,2013,test
423,0pM,2013,train
424,0pM,2013,train
425,0pM,2013,train
426,0pM,2013,train
427,0pM,2013,validate
428,0pM,2013,train
429,0pM,2013,train
430,0pM,2013,train
431,0pM,2013,train
432,0pM,2013,train
433,0pM,2013,train
434,0pM,2013,train
435,0pM,2013,train
436,0pM,2013,train
437,0pM,2013,train
438,0pM,2013,test
439,0pM,2013,train
440,0pM,2013,train
441,0pM,2013,train
442,0pM,2013,train
443,0pM,2013,test
444,0pM,2013,train
445,0pM,2013,test
446,0pM,2013,train
447,0pM,2013,train
448,0pM,2013,train
449,0pM,2013,train
450,0pM,2013,train
451,0pM,2013,train
452,0pM,2013,test
453,0pM,2013,train
454,0pM,2013,train
455,0pM,2013,train
456,0pM,2013,train
457,0pM,2013,train
458,0pM,2013,train
459,0pM,2013,train
460,0pM,2013,train
461,0pM,2013,train
462,0pM,2013,train
463,0pM,2013,train
464,0pM,2013,validate
465,0pM,2013,validate
466,0pM,2013,train
467,0pM,2013,train
468,0pM,2013,train
469,0pM,2013,validate
470,0pM,2013,validate
471,0pM,2013,train
472,0pM,2013,validate
473,0pM,2013,train
474,0pM,2013,train
475,0pM,2013,validate
476,0pM,2013,train
477,0pM,2013,validate
478,0pM,2013,train
479,0pM,2013,train
480,0pM,2013,test
481,0pM,2013,train
482,0pM,2013,train
483,0pM,2013,validate
484,0pM,2013,train
485,0pM,2013,train
486,0pM,2013,train
487,0pM,2013,train
488,0pM,2013,train
489,0pM,2013,train
490,0pM,2013,train
491,0pM,2013,train
492,0pM,2013,train
493,0pM,2013,train
494,0pM,2013,train
495,0pM,2013,train
496,0pM,2013,test
497,0pM,2013,train
498,0pM,2013,train
499,0pM,2013,test
500,0pM,2013,train
501,0pM,2013,train
502,0pM,2013,train
503,0pM,2013,train
504,0pM,2013,train
505,0pM,2013,train
506,0pM,2013,train
507,0pM,2013,train
508,0pM,2013,train
509,0pM,2013,train
510,0pM,2013,train
511,0pM,2013,train
512,0pM,2013,train
513,0pM,2013,train
514,0pM,2013,train
515,0pM,2013,validate
516,0pM,2013,train
517,0pM,2013,train
518,0pM,2013,train
519,0pM,2013,test
520,0pM,2013,train
521,0pM,2013,train
522,0pM,2013,train
523,0pM,2013,train
524,0pM,2013,train
525,0pM,2013,train
526,0pM,2013,validate
527,0pM,2013,train
528,0pM,2013,train
529,0pM,2013,train
530,0pM,2013,train
531,0pM,2013,train
532,0pM,2013,train
533,0pM,2013,train
534,0pM,2013,validate
535,0pM,2013,train
536,0pM,2013,train
537,0pM,2013,test
538,0pM,2013,validate
539,0pM,2013,train
540,0pM,2013,train
541,0pM,2013,train
542,0pM,2013,train
543,0pM,2013,train
544,0pM,2013,train
545,0pM,2013,train
546,0pM,2013,validate
547,0pM,2013,train
548,0pM,2013,train
549,0pM,2013,train
550,0pM,2013,test
551,0pM,2013,train
552,0pM,2013,train
553,0pM,2013,test
554,0pM,2013,train
555,0pM,2013,train
556,0pM,2013,train
557,0pM,2013,train
558,0pM,2013,train
559,0pM,2013,train
560,0pM,2013,train
561,0pM,2013,train
562,0pM,2013,train
563,0pM,2013,validate
564,0pM,2013,train
565,0pM,2013,train
566,0pM,2013,validate
567,0pM,2013,validate
568,0pM,2013,train
569,0pM,2013,train
570,0pM,2013,train
571,0pM,2013,train
572,0pM,2013,train
573,0pM,2013,train
574,0pM,2013,train
575,0pM,2013,train
576,0pM,2013,train
577,0pM,2013,train
578,0pM,2013,train
579,0pM,2013,train
580,0pM,2013,train
581,0pM,2013,train
582,0pM,2013,train
583,0pM,2013,validate
584,0pM,2013,test
585,0pM,2013,train
586,0pM,2013,train
587,0pM,2013,train
588,0pM,2013,train
589,0pM,2013,train
590,0pM,2013,test
591,0pM,2013,train
592,0pM,2013,train
593,0pM,2013,train
594,0pM,2013,train
595,0pM,2013,train
596,0pM,2013,train
597,0pM,2013,validate
598,0pM,2013,train
599,0pM,2013,validate
600,0pM,2013,train
601,0pM,2013,train
602,0pM,2013,test
603,0pM,2013,train
604,0pM,2013,validate
605,0pM,2013,train
606,0pM,2013,train
607,0pM,2013,train
608,0pM,2013,train
609,0pM,2013,train
610,0pM,2013,train
611,0pM,2013,test
612,0pM,2013,train
613,0pM,2013,train
614,0pM,2013,train
615,0pM,2013,train
616,0pM,2013,train
617,0pM,2013,train
618,0pM,2013,train
619,0pM,2013,train
620,0pM,2013,train
621,0pM,2013,test
622,0pM,2013,test
623,0pM,2013,train
624,0pM,2013,train
625,0pM,2013,train
626,0pM,2013,test
627,0pM,2013,train
628,0pM,2013,train
629,0pM,2013,train
630,0pM,2013,train
631,0pM,2013,train
632,0pM,2013,train
633,0pM,2013,train
634,0pM,2013,train
635,0pM,2013,train
636,0pM,2013,validate
637,0pM,2013,train
638,0pM,2013,train
639,0pM,2013,train
640,0pM,2013,train
641,0pM,2013,test
642,0pM,2013,train
643,0pM,2013,train
644,0pM,2013,train
645,0pM,2013,train
646,0pM,2013,train
647,0pM,2013,validate
648,0pM,2013,train
649,0pM,2013,train
650,0pM,2013,train
651,0pM,2013,train
652,0pM,2013,test
653,0pM,2013,train
654,0pM,2013,train
655,0pM,2013,train
656,0pM,2013,train
657,0pM,2013,train
658,0pM,2013,train
659,0pM,2013,train
660,0pM,2013,train
661,0pM,2013,train
662,0pM,2013,train
663,0pM,2013,train
664,0pM,2013,train
665,0pM,2013,train
666,0pM,2013,train
667,0pM,2013,train
668,0pM,2013,validate
669,0pM,2013,test
670,0pM,2013,test
671,0pM,2013,validate
672,0pM,2013,train
673,0pM,2013,train
674,0pM,2013,train
675,0pM,2013,train
676,0pM,2013,train
677,0pM,2013,train
678,0pM,2013,validate
679,0pM,2013,train
680,0pM,2013,test
681,0pM,2013,train
682,0pM,2013,train
683,0pM,2013,train
684,0pM,2013,train
685,0pM,2013,test
686,0pM,2013,train
687,0pM,2013,train
688,0pM,2013,validate
689,0pM,2013,train
690,0pM,2013,train
691,0pM,2013,train
692,0pM,2013,train
693,0pM,2013,validate
694,0pM,2013,train
695,0pM,2013,validate
696,0pM,2013,train
697,0pM,2013,train
698,0pM,2013,train
699,0pM,2013,test
700,0pM,2013,train
701,0pM,2013,train
702,0pM,2013,validate
703,0pM,2013,train
704,0pM,2013,test
705,0pM,2013,train
706,0pM,2013,train
707,0pM,2013,train
708,0pM,2013,train
709,0pM,2013,train
710,0pM,2013,validate
711,0pM,2013,train
712,0pM,2013,train
713,0pM,2013,test
714,0pM,2013,train
715,0pM,2013,train
716,0pM,2013,train
717,0pM,2013,train
718,0pM,2013,train
719,0pM,2013,train
720,0pM,2013,test
721,0pM,2013,train
722,0pM,2013,train
723,0pM,2013,train
724,0pM,2013,train
725,0pM,2013,test
726,0pM,2013,train
727,0pM,2013,test
728,0pM,2013,train
729,0pM,2013,train
730,0pM,2013,train
731,0pM,2013,train
732,0pM,2013,train
733,0pM,2013,train
734,0pM,2013,test
735,0pM,2013,train
736,0pM,2013,validate
737,0pM,2013,train
738,0pM,2013,train
739,0pM,2013,train
740,0pM,2013,train
741,0pM,2013,train
742,0pM,2013,train
743,0pM,2013,test
744,0pM,2013,train
745,0pM,2013,train
746,0pM,2013,test
747,0pM,2013,train
748,0pM,2013,validate
749,0pM,2013,test
750,0pM,2013,train
751,0pM,2013,train
752,0pM,2013,train
753,0pM,2013,train
754,0pM,2013,train
755,0pM,2013,train
756,0pM,2013,train
757,0pM,2013,train
758,0pM,2013,train
759,0pM,2013,train
760,0pM,2013,train
761,0pM,2013,test
762,0pM,2013,train
763,0pM,2013,train
764,0pM,2013,train
765,0pM,2013,train
766,0pM,2013,train
767,0pM,2013,train
768,0pM,2013,train
769,0pM,2013,train
770,0pM,2013,train
771,0pM,2013,train
772,0pM,2013,train
773,0pM,2013,train
774,0pM,2013,train
775,0pM,2013,validate
776,0pM,2013,train
777,100pM,2013,train
778,100pM,2013,train
779,100pM,2013,train
780,100pM,2013,train
781,100pM,2013,train
782,100pM,2013,train
783,100pM,2013,train
784,100pM,2013,validate
785,100pM,2013,train
786,100pM,2013,train
787,100pM,2013,train
788,100pM,2013,validate
789,100pM,2013,test
790,100pM,2013,train
791,100pM,2013,train
792,100pM,2013,train
793,100pM,2013,train
794,100pM,2013,train
795,100pM,2013,train
796,100pM,2013,train
797,100pM,2013,train
798,100pM,2013,train
799,100pM,2013,train
800,100pM,2013,train
801,100pM,2013,validate
802,100pM,2013,test
803,100pM,2013,train
804,100pM,2013,test
805,100pM,2013,test
806,100pM,2013,validate
807,100pM,2013,test
808,100pM,2013,train
809,100pM,2013,train
810,100pM,2013,train
811,100pM,2013,validate
812,100pM,2013,train
813,100pM,2013,train
814,100pM,2013,train
815,100pM,2013,train
816,100pM,2013,validate
817,100pM,2013,train
818,100pM,2013,train
819,100pM,2013,train
820,100pM,2013,train
821,100pM,2013,train
822,100pM,2013,train
823,100pM,2013,train
824,100pM,2013,train
825,100pM,2013,train
826,100pM,2013,train
827,100pM,2013,train
828,100pM,2013,validate
829,100pM,2013,validate
830,100pM,2013,train
831,100pM,2013,train
832,100pM,2013,validate
833,100pM,2013,train
834,100pM,2013,train
835,100pM,2013,train
836,100pM,2013,train
837,100pM,2013,train
838,100pM,2013,validate
839,100pM,2013,train
840,100pM,2013,train
841,100pM,2013,train
842,100pM,2013,train
843,100pM,2013,train
844,100pM,2013,train
845,100pM,2013,train
846,100pM,2013,validate
847,100pM,2013,train
848,100pM,2013,validate
849,100pM,2013,train
850,100pM,2013,train
851,100pM,2013,train
852,100pM,2013,validate
853,100pM,2013,train
854,100pM,2013,train
855,100pM,2013,train
856,100pM,2013,train
857,100pM,2013,train
858,100pM,2013,train
859,100pM,2013,train
860,100pM,2013,test
861,100pM,2013,train
862,100pM,2013,train
863,100pM,2013,train
864,100pM,2013,test
865,100pM,2013,train
866,100pM,2013,train
867,100pM,2013,train
868,100pM,2013,test
869,100pM,2013,test
870,100pM,2013,train
871,100pM,2013,train
872,100pM,2013,train
873,100pM,2013,test
874,100pM,2013,train
875,100pM,2013,train
876,100pM,2013,train
877,100pM,2013,test
878,100pM,2013,train
879,100pM,2013,test
880,100pM,2013,train
881,100pM,2013,train
882,100pM,2013,train
883,100pM,2013,train
884,100pM,2013,train
885,100pM,2013,train
886,100pM,2013,train
887,100pM,2013,train
888,100pM,2013,validate
889,100pM,2013,train
890,100pM,2013,train
891,100pM,2013,validate
892,100pM,2013,train
893,100pM,2013,test
894,100pM,2013,test
895,100pM,2013,train
896,100pM,2013,train
897,100pM,2013,validate
898,100pM,2013,train
899,100pM,2013,validate
900,100pM,2013,train
901,100pM,2013,train
902,100pM,2013,train
903,100pM,2013,train
904,100pM,2013,test
905,100pM,2013,train
906,100pM,2013,train
907,100pM,2013,train
908,100pM,2013,train
909,100pM,2013,train
910,100pM,2013,train
911,100pM,2013,validate
912,100pM,2013,train
913,100pM,2013,validate
914,100pM,2013,train
915,100pM,2013,train
916,100pM,2013,train
917,100pM,2013,train
918,100pM,2013,validate
919,100pM,2013,train
920,100pM,2013,train
921,100pM,2013,train
922,100pM,2013,train
923,100pM,2013,validate
924,100pM,2013,train
925,100pM,2013,train
926,100pM,2013,train
927,100pM,2013,train
928,100pM,2013,train
929,100pM,2013,train
930,100pM,2013,train
931,100pM,2013,validate
932,100pM,2013,train
933,100pM,2013,train
934,100pM,2013,train
935,100pM,2013,train
936,100pM,2013,train
937,100pM,2013,train
938,100pM,2013,train
939,100pM,2013,train
940,100pM,2013,train
941,100pM,2013,validate
942,100pM,2013,test
943,100pM,2013,train
944,100pM,2013,train
945,100pM,2013,train
946,100pM,2013,validate
947,100pM,2013,train
948,100pM,2013,test
949,100pM,2013,train
950,100pM,2013,train
951,100pM,2013,train
952,100pM,2013,train
953,100pM,2013,test
954,100pM,2013,train
955,100pM,2013,train
956,100pM,2013,train
957,100pM,2013,train
958,100pM,2013,train
959,100pM,2013,train
960,100pM,2013,train
961,100pM,2013,train
962,100pM,2013,train
963,100pM,2013,test
964,100pM,2013,train
965,100pM,2013,train
966,100pM,2013,train
967,100pM,2013,train
968,100pM,2013,train
969,100pM,2013,train
970,100pM,2013,test
971,100pM,2013,train
972,100pM,2013,train
973,100pM,2013,train
974,100pM,2013,train
975,100pM,2013,test
976,100pM,2013,train
977,100pM,2013,train
978,100pM,2013,train
979,100pM,2013,train
980,100pM,2013,train
981,100pM,2013,test
982,100pM,2013,train
983,100pM,2013,train
984,100pM,2013,validate
985,100pM,2013,train
986,100pM,2013,train
987,100pM,2013,train
988,100pM,2013,train
989,100pM,2013,train
990,100pM,2013,train
991,100pM,2013,train
992,100pM,2013,train
993,100pM,2013,train
994,100pM,2013,train
995,100pM,2013,test
996,100pM,2013,test
997,100pM,2013,train
998,100pM,2013,train
999,100pM,2013,train
1000,100pM,2013,train
1001,100pM,2013,test
1002,100pM,2013,train
1003,100pM,2013,train
1004,100pM,2013,train
1005,100pM,2013,train
1006,100pM,2013,train
1007,100pM,2013,validate
1008,100pM,2013,validate
1009,100pM,2013,train
1010,100pM,2013,validate
1011,100pM,2013,train
1012,100pM,2013,train
1013,100pM,2013,train
1014,100pM,2013,train
1015,100pM,2013,train
1016,100pM,2013,test
1017,100pM,2013,train
1018,100pM,2013,train
1019,100pM,2013,train
1020,100pM,2013,train
1021,100pM,2013,train
1022,100pM,2013,train
1023,100pM,2013,train
1024,100pM,2013,train
1025,100pM,2013,test
1026,100pM,2013,train
1027,100pM,2013,train
1028,100pM,2013,train
1029,100pM,2013,train
1030,100pM,2013,train
1031,100pM,2013,train
1032,100pM,2013,test
1033,100pM,2013,train
1034,100pM,2013,train
1035,100pM,2013,train
1036,100pM,2013,train
1037,100pM,2013,train
1038,100pM,2013,train
1039,100pM,2013,train
1040,100pM,2013,train
1041,100pM,2013,train
1042,100pM,2013,train
1043,100pM,2013,train
1044,100pM,2013,train
1045,100pM,2013,train
1046,100pM,2013,train
1047,100pM,2013,train
1048,100pM,2013,train
1049,100pM,2013,train
1050,100pM,2013,train
1051,100pM,2013,train
1052,100pM,2013,train
1053,100pM,2013,validate
1054,100pM,2013,validate
1055,100pM,2013,train
1056,100pM,2013,validate
1057,100pM,2013,train
1058,100pM,2013,train
1059,100pM,2013,train
1060,100pM,2013,test
1061,100pM,2013,train
1062,100pM,2013,train
1063,100pM,2013,train
1064,100pM,2013,train
1065,100pM,2013,train
1066,100pM,2013,train
1067,100pM,2013,train
1068,100pM,2013,train
1069,100pM,2013,train
1070,100pM,2013,train
1071,100pM,2013,train
1072,100pM,2013,train
1073,100pM,2013,train
1074,100pM,2013,test
1075,100pM,2013,train
1076,100pM,2013,train
1077,100pM,2013,train
1078,100pM,2013,train
1079,100pM,2013,test
1080,100pM,2013,train
1081,100pM,2013,train
1082,100pM,2013,train
1083,100pM,2013,train
1084,100pM,2013,train
1085,100pM,2013,train
1086,100pM,2013,train
1087,100pM,2013,train
1088,100pM,2013,train
1089,100pM,2013,train
1090,100pM,2013,train
1091,100pM,2013,train
1092,100pM,2013,train
1093,100pM,2013,train
1094,100pM,2013,train
1095,100pM,2013,train
1096,100pM,2013,train
1097,100pM,2013,train
1098,100pM,2013,test
1099,100pM,2013,train
1100,100pM,2013,validate
1101,100pM,2013,test
1102,100pM,2013,train
1103,100pM,2013,train
1104,100pM,2013,train
1105,100pM,2013,validate
1106,100pM,2013,train
1107,100pM,2013,train
1108,100pM,2013,validate
1109,100pM,2013,train
1110,100pM,2013,train
1111,100pM,2013,train
1112,100pM,2013,train
1113,100pM,2013,train
1114,100pM,2013,train
1115,100pM,2013,train
1116,100pM,2013,test
1117,100pM,2013,train
1118,100pM,2013,validate
1119,100pM,2013,train
1120,100pM,2013,train
1121,100pM,2013,train
1122,100pM,2013,train
1123,100pM,2013,train
1124,100pM,2013,train
1125,100pM,2013,train
1126,100pM,2013,test
1127,100pM,2013,train
1128,100pM,2013,train
1129,1pM,2013,train
1130,1pM,2013,train
1131,1pM,2013,validate
1132,1pM,2013,train
1133,1pM,2013,train
1134,1pM,2013,train
1135,1pM,2013,train
1136,1pM,2013,train
1137,1pM,2013,test
1138,1pM,2013,train
1139,1pM,2013,test
1140,1pM,2013,train
1141,1pM,2013,train
1142,1pM,2013,train
1143,1pM,2013,test
1144,1pM,2013,train
1145,1pM,2013,validate
1146,1pM,2013,train
1147,1pM,2013,train
1148,1pM,2013,train
1149,1pM,2013,train
1150,1pM,2013,train
1151,1pM,2013,train
1152,1pM,2013,train
1153,1pM,2013,train
1154,1pM,2013,test
1155,1pM,2013,train
1156,1pM,2013,train
1157,1pM,2013,train
1158,1pM,2013,train
1159,1pM,2013,train
1160,1pM,2013,train
1161,1pM,2013,train
1162,1pM,2013,train
1163,1pM,2013,train
1164,1pM,2013,train
1165,1pM,2013,train
1166,1pM,2013,train
1167,1pM,2013,train
1168,1pM,2013,train
1169,1pM,2013,train
1170,1pM,2013,train
1171,1pM,2013,train
1172,1pM,2013,train
1173,1pM,2013,train
1174,1pM,2013,validate
1175,1pM,2013,train
1176,1pM,2013,validate
1177,1pM,2013,train
1178,1pM,2013,train
1179,1pM,2013,train
1180,1pM,2013,test
1181,1pM,2013,train
1182,1pM,2013,train
1183,1pM,2013,train
1184,1pM,2013,train
1185,1pM,2013,train
1186,1pM,2013,validate
1187,1pM,2013,train
1188,1pM,2013,test
1189,1pM,2013,train
1190,1pM,2013,train
1191,1pM,2013,train
1192,1pM,2013,train
1193,1pM,2013,train
1194,1pM,2013,train
1195,1pM,2013,test
1196,1pM,2013,train
1197,1pM,2013,train
1198,1pM,2013,test
1199,1pM,2013,train
1200,1pM,2013,train
1201,1pM,2013,train
1202,1pM,2013,train
1203,1pM,2013,train
1204,1pM,2013,train
1205,1pM,2013,train
1206,1pM,2013,validate
1207,1pM,2013,train
1208,1pM,2013,train
1209,1pM,2013,train
1210,1pM,2013,train
1211,1pM,2013,train
1212,1pM,2013,test
1213,1pM,2013,train
1214,1pM,2013,train
1215,1pM,2013,train
1216,1pM,2013,train
1217,1pM,2013,train
1218,1pM,2013,validate
1219,1pM,2013,train
1220,1pM,2013,train
1221,1pM,2013,train
1222,1pM,2013,train
1223,1pM,2013,train
1224,1pM,2013,train
1225,1pM,2013,train
1226,1pM,2013,train
1227,1pM,2013,train
1228,1pM,2013,train
1229,1pM,2013,validate
1230,1pM,2013,train
1231,1pM,2013,train
1232,1pM,2013,train
1233,1pM,2013,train
1234,1pM,2013,train
1235,1pM,2013,train
1236,1pM,2013,train
1237,1pM,2013,train
1238,1pM,2013,validate
1239,1pM,2013,train
1240,1pM,2013,test
1241,1pM,2013,train
1242,1pM,2013,train
1243,1pM,2013,train
1244,1pM,2013,train
1245,1pM,2013,test
1246,1pM,2013,train
1247,1pM,2013,train
1248,1pM,2013,train
1249,1pM,2013,train
1250,1pM,2013,train
1251,1pM,2013,train
1252,1pM,2013,train
1253,1pM,2013,test
1254,1pM,2013,train
1255,1pM,2013,train
1256,1pM,2013,train
1257,1pM,2013,validate
1258,1pM,2013,test
1259,1pM,2013,train
1260,1pM,2013,train
1261,1pM,2013,validate
1262,1pM,2013,validate
1263,1pM,2013,train
1264,1pM,2013,train
1265,1pM,2013,train
1266,1pM,2013,train
1267,1pM,2013,train
1268,1pM,2013,train
1269,1pM,2013,train
1270,1pM,2013,validate
1271,1pM,2013,train
1272,1pM,2013,train
1273,1pM,2013,test
1274,1pM,2013,train
1275,1pM,2013,train
1276,1pM,2013,train
1277,1pM,2013,train
1278,1pM,2013,train
1279,1pM,2013,test
1280,1pM,2013,train
1281,1pM,2013,train
1282,1pM,2013,train
1283,1pM,2013,train
1284,1pM,2013,train
1285,1pM,2013,train
1286,1pM,2013,train
1287,1pM,2013,train
1288,1pM,2013,train
1289,1pM,2013,train
1290,1pM,2013,validate
1291,1pM,2013,test
1292,1pM,2013,train
1293,1pM,2013,train
1294,1pM,2013,train
1295,1pM,2013,train
1296,1pM,2013,train
1297,1pM,2013,train
1298,1pM,2013,train
1299,1pM,2013,train
1300,1pM,2013,test
1301,1pM,2013,train
1302,1pM,2013,train
1303,1pM,2013,train
1304,1pM,2013,train
1305,1pM,2013,train
1306,1pM,2013,train
1307,1pM,2013,train
1308,1pM,2013,test
1309,1pM,2013,validate
1310,1pM,2013,validate
1311,1pM,2013,train
1312,1pM,2013,train
1313,1pM,2013,test
1314,1pM,2013,test
1315,1pM,2013,train
1316,1pM,2013,train
1317,1pM,2013,train
1318,1pM,2013,train
1319,1pM,2013,train
1320,1pM,2013,validate
1321,1pM,2013,train
1322,1pM,2013,train
1323,1pM,2013,train
1324,1pM,2013,train
1325,1pM,2013,train
1326,1pM,2013,train
1327,1pM,2013,train
1328,1pM,2013,train
1329,1pM,2013,train
1330,1pM,2013,train
1331,1pM,2013,train
1332,1pM,2013,train
1333,1pM,2013,train
1334,1pM,2013,train
1335,1pM,2013,train
1336,1pM,2013,test
1337,1pM,2013,train
1338,1pM,2013,test
1339,1pM,2013,train
1340,1pM,2013,train
1341,1pM,2013,train
1342,1pM,2013,validate
1343,1pM,2013,train
1344,1pM,2013,train
1345,1pM,2013,validate
1346,1pM,2013,validate
1347,1pM,2013,train
1348,1pM,2013,train
1349,1pM,2013,train
1350,1pM,2013,train
1351,1pM,2013,validate
1352,1pM,2013,train
1353,1pM,2013,train
1354,1pM,2013,validate
1355,1pM,2013,train
1356,1pM,2013,train
1357,1pM,2013,train
1358,1pM,2013,test
1359,1pM,2013,train
1360,1pM,2013,train
1361,1pM,2013,train
1362,1pM,2013,train
1363,1pM,2013,train
1364,1pM,2013,validate
1365,1pM,2013,train
1366,1pM,2013,validate
1367,1pM,2013,train
1368,1pM,2013,train
1369,1pM,2013,train
1370,1pM,2013,train
1371,1pM,2013,test
1372,1pM,2013,validate
1373,1pM,2013,test
1374,1pM,2013,train
1375,1pM,2013,train
1376,1pM,2013,train
1377,1pM,2013,test
1378,1pM,2013,train
1379,1pM,2013,train
1380,1pM,2013,train
1381,1pM,2013,validate
1382,1pM,2013,validate
1383,1pM,2013,train
1384,1pM,2013,train
1385,1pM,2013,train
1386,1pM,2013,train
1387,1pM,2013,train
1388,1pM,2013,train
1389,1pM,2013,train
1390,1pM,2013,train
1391,1pM,2013,train
1392,1pM,2013,train
1393,1pM,2013,train
1394,1pM,2013,validate
1395,1pM,2013,train
1396,1pM,2013,train
1397,1pM,2013,train
1398,1pM,2013,train
1399,1pM,2013,train
1400,1pM,2013,train
1401,1pM,2013,train
1402,1pM,2013,validate
1403,1pM,2013,train
1404,1pM,2013,train
1405,1pM,2013,train
1406,1pM,2013,train
1407,1pM,2013,train
1408,1pM,2013,train
1409,1pM,2013,train
1410,1pM,2013,train
1411,1pM,2013,train
1412,1pM,2013,validate
1413,1pM,2013,train
1414,1pM,2013,train
1415,1pM,2013,train
1416,1pM,2013,train
1417,1pM,2013,train
1418,1pM,2013,train
1419,1pM,2013,train
1420,1pM,2013,train
1421,1pM,2013,validate
1422,1pM,2013,train
1423,1pM,2013,test
1424,1pM,2013,train
1425,1pM,2013,train
1426,1pM,2013,train
1427,1pM,2013,validate
1428,1pM,2013,train
1429,1pM,2013,train
1430,1pM,2013,train
1431,1pM,2013,train
1432,1pM,2013,train
1433,1pM,2013,train
1434,1pM,2013,validate
1435,1pM,2013,train
1436,1pM,2013,train
1437,1pM,2013,train
1438,1pM,2013,train
1439,1pM,2013,train
1440,1pM,2013,train
1441,1pM,2013,train
1442,1pM,2013,validate
1443,1pM,2013,train
1444,1pM,2013,train
1445,1pM,2013,train
1446,1pM,2013,train
1447,1pM,2013,train
1448,1pM,2013,train
1449,1pM,2013,train
1450,1pM,2013,train
1451,1pM,2013,train
1452,1pM,2013,train
1453,1pM,2013,train
1454,1pM,2013,test
1455,1pM,2013,train
1456,1pM,2013,validate
1457,1pM,2013,train
1458,1pM,2013,train
1459,1pM,2013,train
1460,1pM,2013,train
1461,1pM,2013,test
1462,1pM,2013,train
1463,1pM,2013,train
1464,1pM,2013,train
1465,1pM,2013,train
1466,1pM,2013,train
1467,1pM,2013,test
1468,1pM,2013,train
1469,1pM,2013,test
1470,1pM,2013,train
1471,1pM,2013,train
1472,1pM,2013,train
1473,1pM,2013,test
1474,1pM,2013,validate
1475,1pM,2013,train
1476,1pM,2013,test
1477,1pM,2013,train
1478,1pM,2013,train
1479,1pM,2013,train
1480,1pM,2013,test
1481,1pM,2013,test
1482,1pM,2013,test
1483,1pM,2013,train
1484,1pM,2013,train
1485,1pM,2013,train
1486,1pM,2013,train
1487,25pM,2013,train
1488,25pM,2013,train
1489,25pM,2013,train
1490,25pM,2013,train
1491,25pM,2013,train
1492,25pM,2013,train
1493,25pM,2013,train
1494,25pM,2013,train
1495,25pM,2013,test
1496,25pM,2013,train
1497,25pM,2013,train
1498,25pM,2013,train
1499,25pM,2013,train
1500,25pM,2013,train
1501,25pM,2013,train
1502,25pM,2013,train
1503,25pM,2013,train
1504,25pM,2013,train
1505,25pM,2013,train
1506,25pM,2013,train
1507,25pM,2013,train
1508,25pM,2013,train
1509,25pM,2013,train
1510,25pM,2013,train
1511,25pM,2013,train
1512,25pM,2013,train
1513,25pM,2013,train
1514,25pM,2013,validate
1515,25pM,2013,train
1516,25pM,2013,test
1517,25pM,2013,train
1518,25pM,2013,train
1519,25pM,2013,train
1520,25pM,2013,train
1521,25pM,2013,train
1522,25pM,2013,train
1523,25pM,2013,train
1524,25pM,2013,train
1525,25pM,2013,test
1526,25pM,2013,train
1527,25pM,2013,train
1528,25pM,2013,train
1529,25pM,2013,train
1530,25pM,2013,train
1531,25pM,2013,train
1532,25pM,2013,validate
1533,25pM,2013,train
1534,25pM,2013,test
1535,25pM,2013,train
1536,25pM,2013,train
1537,25pM,2013,train
1538,25pM,2013,train
1539,25pM,2013,train
1540,25pM,2013,train
1541,25pM,2013,train
1542,25pM,2013,validate
1543,25pM,2013,train
1544,25pM,2013,train
1545,25pM,2013,train
1546,25pM,2013,train
1547,25pM,2013,train
1548,25pM,2013,train
1549,25pM,2013,test
1550,25pM,2013,train
1551,25pM,2013,train
1552,25pM,2013,train
1553,25pM,2013,train
1554,25pM,2013,train
1555,25pM,2013,train
1556,25pM,2013,train
1557,25pM,2013,train
1558,25pM,2013,train
1559,25pM,2013,test
1560,25pM,2013,train
1561,25pM,2013,validate
1562,25pM,2013,train
1563,25pM,2013,train
1564,25pM,2013,train
1565,25pM,2013,train
1566,25pM,2013,validate
1567,25pM,2013,validate
1568,25pM,2013,train
1569,25pM,2013,train
1570,25pM,2013,train
1571,25pM,2013,test
1572,25pM,2013,train
1573,25pM,2013,train
1574,25pM,2013,train
1575,25pM,2013,train
1576,25pM,2013,train
1577,25pM,2013,train
1578,25pM,2013,train
1579,25pM,2013,validate
1580,25pM,2013,validate
1581,25pM,2013,train
1582,25pM,2013,train
1583,25pM,2013,train
1584,25pM,2013,validate
1585,25pM,2013,train
1586,25pM,2013,validate
1587,25pM,2013,train
1588,25pM,2013,train
1589,25pM,2013,test
1590,25pM,2013,train
1591,25pM,2013,train
1592,25pM,2013,train
1593,25pM,2013,train
1594,25pM,2013,train
1595,25pM,2013,train
1596,25pM,2013,train
1597,25pM,2013,train
1598,25pM,2013,test
1599,25pM,2013,train
1600,25pM,2013,test
1601,25pM,2013,train
1602,25pM,2013,train
1603,25pM,2013,train
1604,25pM,2013,train
1605,25pM,2013,test
1606,25pM,2013,train
1607,25pM,2013,validate
1608,25pM,2013,train
1609,25pM,2013,train
1610,25pM,2013,train
1611,25pM,2013,test
1612,25pM,2013,train
1613,25pM,2013,train
1614,25pM,2013,train
1615,25pM,2013,train
1616,25pM,2013,train
1617,25pM,2013,train
1618,25pM,2013,train
1619,25pM,2013,test
1620,25pM,2013,train
1621,25pM,2013,train
1622,25pM,2013,train
1623,25pM,2013,test
1624,25pM,2013,test
1625,25pM,2013,train
1626,25pM,2013,train
1627,25pM,2013,test
1628,25pM,2013,train
1629,25pM,2013,train
1630,25pM,2013,train
1631,25pM,2013,train
1632,25pM,2013,train
1633,25pM,2013,train
1634,25pM,2013,validate
1635,25pM,2013,train
1636,25pM,2013,train
1637,25pM,2013,test
1638,25pM,2013,train
1639,25pM,2013,train
1640,25pM,2013,train
1641,25pM,2013,validate
1642,25pM,2013,test
1643,25pM,2013,train
1644,25pM,2013,validate
1645,25pM,2013,train
1646,25pM,2013,validate
1647,25pM,2013,train
1648,25pM,2013,validate
1649,25pM,2013,train
1650,25pM,2013,train
1651,25pM,2013,train
1652,25pM,2013,test
1653,25pM,2013,train
1654,25pM,2013,train
1655,25pM,2013,validate
1656,25pM,2013,train
1657,25pM,2013,train
1658,25pM,2013,train
1659,25pM,2013,train
1660,25pM,2013,train
1661,25pM,2013,train
1662,25pM,2013,train
1663,25pM,2013,train
1664,25pM,2013,train
1665,25pM,2013,validate
1666,25pM,2013,train
1667,25pM,2013,train
1668,25pM,2013,train
1669,25pM,2013,train
1670,25pM,2013,train
1671,25pM,2013,train
1672,25pM,2013,train
1673,25pM,2013,test
1674,25pM,2013,train
1675,25pM,2013,train
1676,25pM,2013,train
1677,25pM,2013,train
1678,25pM,2013,validate
1679,25pM,2013,validate
1680,25pM,2013,train
1681,25pM,2013,train
1682,25pM,2013,train
1683,25pM,2013,train
1684,25pM,2013,train
1685,25pM,2013,train
1686,25pM,2013,train
1687,25pM,2013,validate
1688,25pM,2013,train
1689,25pM,2013,validate
1690,25pM,2013,train
1691,25pM,2013,train
1692,25pM,2013,train
1693,25pM,2013,train
1694,25pM,2013,train
1695,25pM,2013,train
1696,25pM,2013,train
1697,25pM,2013,train
1698,25pM,2013,train
1699,25pM,2013,train
1700,25pM,2013,train
1701,25pM,2013,train
1702,25pM,2013,train
1703,25pM,2013,train
1704,25pM,2013,train
1705,25pM,2013,train
1706,25pM,2013,train
1707,25pM,2013,train
1708,25pM,2013,train
1709,25pM,2013,test
1710,25pM,2013,train
1711,25pM,2013,train
1712,25pM,2013,train
1713,25pM,2013,train
1714,25pM,2013,train
1715,25pM,2013,validate
1716,25pM,2013,train
1717,25pM,2013,train
1718,25pM,2013,train
1719,25pM,2013,train
1720,25pM,2013,validate
1721,25pM,2013,train
1722,25pM,2013,train
1723,25pM,2013,test
1724,25pM,2013,train
1725,25pM,2013,train
1726,25pM,2013,train
1727,25pM,2013,train
1728,25pM,2013,train
1729,25pM,2013,train
1730,25pM,2013,train
1731,25pM,2013,train
1732,25pM,2013,train
1733,25pM,2013,test
1734,25pM,2013,test
1735,25pM,2013,validate
1736,25pM,2013,validate
1737,25pM,2013,train
1738,25pM,2013,train
1739,25pM,2013,train
1740,25pM,2013,train
1741,25pM,2013,test
1742,25pM,2013,train
1743,25pM,2013,train
1744,25pM,2013,train
1745,25pM,2013,train
1746,25pM,2013,train
1747,25pM,2013,train
1748,25pM,2013,train
1749,25pM,2013,train
1750,25pM,2013,train
1751,25pM,2013,train
1752,25pM,2013,train
1753,25pM,2013,train
1754,25pM,2013,train
1755,25pM,2013,train
1756,25pM,2013,train
1757,25pM,2013,train
1758,25pM,2013,train
1759,25pM,2013,train
1760,25pM,2013,test
1761,25pM,2013,train
1762,25pM,2013,train
1763,25pM,2013,validate
1764,25pM,2013,train
1765,25pM,2013,train
1766,25pM,2013,train
1767,25pM,2013,train
1768,25pM,2013,train
1769,25pM,2013,train
1770,25pM,2013,test
1771,25pM,2013,train
1772,25pM,2013,train
1773,25pM,2013,train
1774,25pM,2013,train
1775,25pM,2013,test
1776,25pM,2013,train
1777,25pM,2013,train
1778,25pM,2013,train
1779,25pM,2013,train
1780,25pM,2013,train
1781,25pM,2013,train
1782,25pM,2013,train
1783,25pM,2013,train
1784,25pM,2013,train
1785,25pM,2013,train
1786,25pM,2013,train
1787,25pM,2013,train
1788,25pM,2013,train
1789,25pM,2013,train
1790,25pM,2013,train
1791,25pM,2013,train
1792,25pM,2013,train
1793,25pM,2013,test
1794,25pM,2013,train
1795,25pM,2013,train
1796,25pM,2013,train
1797,25pM,2013,train
1798,25pM,2013,validate
1799,25pM,2013,train
1800,25pM,2013,validate
1801,25pM,2013,train
1802,25pM,2013,train
1803,25pM,2013,test
1804,25pM,2013,train
1805,25pM,2013,train
1806,25pM,2013,train
1807,25pM,2013,validate
1808,25pM,2013,train
1809,25pM,2013,validate
1810,25pM,2013,train
1811,25pM,2013,test
1812,25pM,2013,train
1813,25pM,2013,validate
1814,25pM,2013,validate
1815,25pM,2013,train
1816,25pM,2013,train
1817,25pM,2013,train
1818,25pM,2013,test
1819,25pM,2013,train
1820,25pM,2013,train
1821,25pM,2013,train
1822,25pM,2013,train
1823,25pM,2013,train
1824,25pM,2013,train
1825,25pM,2013,train
1826,25pM,2013,validate
1827,25pM,2013,test
1828,25pM,2013,train
1829,25pM,2013,test
1830,25pM,2013,validate
1831,25pM,2013,train
1832,25pM,2013,train
1833,25pM,2013,train
1834,25pM,2013,test
1835,25pM,2013,train
1836,25pM,2013,train
1837,25pM,2013,train
1838,25pM,2014,train
1839,25pM,2014,train
1840,25pM,2014,train
1841,25pM,2014,train
1842,25pM,2014,train
1843,25pM,2014,test
1844,25pM,2014,train
1845,25pM,2014,validate
1846,25pM,2014,train
1847,25pM,2014,train
1848,25pM,2014,validate
1849,25pM,2014,train
1850,25pM,2014,train
1851,25pM,2014,test
1852,25pM,2014,train
1853,25pM,2014,train
1854,25pM,2014,train
1855,25pM,2014,validate
1856,25pM,2014,train
1857,25pM,2014,train
1858,25pM,2014,train
1859,25pM,2014,train
1860,25pM,2014,validate
1861,25pM,2014,train
1862,25pM,2014,train
1863,25pM,2014,train
1864,25pM,2014,train
1865,25pM,2014,train
1866,25pM,2014,train
1867,25pM,2014,train
1868,25pM,2014,validate
1869,25pM,2014,train
1870,25pM,2014,train
1871,25pM,2014,train
1872,25pM,2014,train
1873,25pM,2014,train
1874,25pM,2014,train
1875,25pM,2014,train
1876,25pM,2014,train
1877,25pM,2014,train
1878,25pM,2014,test
1879,25pM,2014,train
1880,25pM,2014,train
1881,25pM,2014,train
1882,25pM,2014,train
1883,25pM,2014,validate
1884,25pM,2014,train
1885,25pM,2014,test
1886,25pM,2014,train
1887,25pM,2014,train
1888,25pM,2014,train
1889,25pM,2014,train
1890,25pM,2014,test
1891,25pM,2014,train
1892,25pM,2014,train
1893,25pM,2014,train
1894,25pM,2014,test
1895,25pM,2014,train
1896,25pM,2014,validate
1897,25pM,2014,train
1898,25pM,2014,train
1899,25pM,2014,train
1900,25pM,2014,train
1901,25pM,2014,train
1902,25pM,2014,train
1903,25pM,2014,train
1904,25pM,2014,validate
1905,25pM,2014,train
1906,25pM,2014,test
1907,25pM,2014,train
1908,25pM,2014,train
1909,25pM,2014,test
1910,25pM,2014,test
1911,25pM,2014,train
1912,25pM,2014,train
1913,25pM,2014,train
1914,25pM,2014,train
1915,25pM,2014,train
1916,25pM,2014,train
1917,25pM,2014,train
1918,25pM,2014,validate
1919,25pM,2014,train
1920,25pM,2014,train
1921,25pM,2014,train
1922,25pM,2014,test
1923,25pM,2014,train
1924,25pM,2014,train
1925,25pM,2014,train
1926,25pM,2014,train
1927,25pM,2014,test
1928,25pM,2014,validate
1929,25pM,2014,train
1930,25pM,2014,train
1931,25pM,2014,train
1932,25pM,2014,train
1933,25pM,2014,train
1934,25pM,2014,train
1935,25pM,2014,test
1936,25pM,2014,train
1937,25pM,2014,train
1938,25pM,2014,train
1939,25pM,2014,validate
1940,25pM,2014,train
1941,25pM,2014,train
1942,25pM,2014,train
1943,25pM,2014,train
1944,25pM,2014,train
1945,25pM,2014,test
1946,25pM,2014,train
1947,25pM,2014,train
1948,25pM,2014,train
1949,25pM,2014,train
1950,25pM,2014,train
1951,25pM,2014,validate
1952,25pM,2014,train
1953,25pM,2014,train
1954,25pM,2014,train
1955,25pM,2014,validate
1956,25pM,2014,test
1957,25pM,2014,validate
1958,25pM,2014,train
1959,25pM,2014,train
1960,25pM,2014,train
1961,25pM,2014,train
1962,25pM,2014,train
1963,25pM,2014,validate
1964,25pM,2014,test
1965,25pM,2014,train
1966,25pM,2014,train
1967,25pM,2014,train
1968,25pM,2014,train
1969,25pM,2014,validate
1970,25pM,2014,test
1971,25pM,2014,test
1972,25pM,2014,train
1973,25pM,2014,train
1974,25pM,2014,train
1975,25pM,2014,train
1976,25pM,2014,train
1977,25pM,2014,train
1978,25pM,2014,train
1979,25pM,2014,train
1980,25pM,2014,train
1981,25pM,2014,train
1982,25pM,2014,train
1983,25pM,2014,train
1984,25pM,2014,train
1985,25pM,2014,test
1986,25pM,2014,train
1987,25pM,2014,train
1988,25pM,2014,train
1989,25pM,2014,train
1990,25pM,2014,train
1991,25pM,2014,train
1992,25pM,2014,train
1993,25pM,2014,train
1994,25pM,2014,train
1995,25pM,2014,train
1996,25pM,2014,train
1997,25pM,2014,train
1998,25pM,2014,train
1999,25pM,2014,test
2000,25pM,2014,train
2001,25pM,2014,train
2002,25pM,2014,validate
2003,25pM,2014,train
2004,25pM,2014,train
2005,25pM,2014,train
2006,25pM,2014,train
2007,25pM,2014,train
2008,25pM,2014,train
2009,25pM,2014,test
2010,25pM,2014,train
2011,25pM,2014,validate
2012,25pM,2014,test
2013,25pM,2014,train
2014,25pM,2014,train
2015,25pM,2014,train
2016,25pM,2014,validate
2017,25pM,2014,test
2018,25pM,2014,train
2019,25pM,2014,train
2020,25pM,2014,train
2021,25pM,2014,train
2022,25pM,2014,train
2023,25pM,2014,train
2024,25pM,2014,train
2025,25pM,2014,train
2026,25pM,2014,train
2027,25pM,2014,train
2028,25pM,2014,train
2029,25pM,2014,train
2030,25pM,2014,train
2031,25pM,2014,train
2032,25pM,2014,train
2033,25pM,2014,train
2034,25pM,2014,train
2035,25pM,2014,train
2036,25pM,2014,train
2037,25pM,2014,train
2038,25pM,2014,train
2039,25pM,2014,test
2040,25pM,2014,train
2041,25pM,2014,train
2042,25pM,2014,validate
2043,25pM,2014,train
2044,25pM,2014,train
2045,25pM,2014,validate
2046,25pM,2014,test
2047,25pM,2014,train
2048,25pM,2014,train
2049,25pM,2014,train
2050,25pM,2014,train
2051,25pM,2014,train
2052,25pM,2014,train
2053,25pM,2014,train
2054,25pM,2014,train
2055,25pM,2014,train
2056,25pM,2014,train
2057,25pM,2014,train
2058,25pM,2014,train
2059,25pM,2014,train
2060,25pM,2014,train
2061,25pM,2014,validate
2062,25pM,2014,validate
2063,25pM,2014,validate
2064,25pM,2014,train
2065,25pM,2014,train
2066,25pM,2014,train
2067,25pM,2014,train
2068,25pM,2014,test
2069,25pM,2014,validate
2070,25pM,2014,train
2071,25pM,2014,train
2072,25pM,2014,train
2073,25pM,2014,validate
2074,25pM,2014,train
2075,25pM,2014,test
2076,25pM,2014,train
2077,25pM,2014,train
2078,25pM,2014,train
2079,25pM,2014,train
2080,25pM,2014,validate
2081,25pM,2014,test
2082,25pM,2014,train
2083,25pM,2014,train
2084,25pM,2014,train
2085,25pM,2014,train
2086,25pM,2014,train
2087,25pM,2014,train
2088,25pM,2014,validate
2089,25pM,2014,train
2090,25pM,2014,train
2091,25pM,2014,train
2092,25pM,2014,train
2093,25pM,2014,train
2094,25pM,2014,train
2095,25pM,2014,train
2096,25pM,2014,validate
2097,25pM,2014,train
2098,25pM,2014,train
2099,25pM,2014,train
2100,25pM,2014,train
2101,25pM,2014,train
2102,25pM,2014,train
2103,25pM,2014,train
2104,25pM,2014,train
2105,25pM,2014,test
2106,25pM,2014,train
2107,25pM,2014,train
2108,25pM,2014,train
2109,25pM,2014,train
2110,25pM,2014,train
2111,25pM,2014,train
2112,25pM,2014,train
2113,25pM,2014,test
2114,25pM,2014,train
2115,25pM,2014,train
2116,25pM,2014,train
2117,25pM,2014,train
2118,25pM,2014,validate
2119,25pM,2014,train
2120,25pM,2014,train
2121,25pM,2014,train
2122,25pM,2014,train
2123,25pM,2014,train
2124,25pM,2014,train
2125,25pM,2014,train
2126,25pM,2014,train
2127,25pM,2014,train
2128,25pM,2014,test
2129,25pM,2014,train
2130,25pM,2014,train
2131,25pM,2014,train
2132,25pM,2014,validate
2133,25pM,2014,train
2134,25pM,2014,train
2135,25pM,2014,train
2136,25pM,2014,validate
2137,25pM,2014,train
2138,25pM,2014,train
2139,25pM,2014,train
2140,25pM,2014,train
2141,25pM,2014,validate
2142,25pM,2014,validate
2143,25pM,2014,train
2144,25pM,2014,train
2145,25pM,2014,test
2146,25pM,2014,train
2147,25pM,2014,train
2148,25pM,2014,train
2149,25pM,2014,train
2150,25pM,2014,train
2151,25pM,2014,train
2152,25pM,2014,train
2153,25pM,2014,validate
2154,25pM,2014,train
2155,25pM,2014,train
2156,25pM,2014,train
2157,25pM,2014,train
2158,25pM,2014,train
2159,25pM,2014,train
2160,25pM,2014,train
2161,25pM,2014,train
2162,25pM,2014,train
2163,25pM,2014,train
2164,25pM,2014,test
2165,25pM,2014,train
2166,25pM,2014,train
2167,25pM,2014,train
2168,25pM,2014,train
2169,25pM,2014,train
2170,25pM,2014,train
2171,25pM,2014,train
2172,25pM,2014,train
2173,25pM,2014,validate
2174,25pM,2014,train
2175,25pM,2014,train
2176,25pM,2014,train
2177,25pM,2014,train
2178,25pM,2014,train
2179,25pM,2014,train
2180,25pM,2014,test
2181,25pM,2014,train
2182,25pM,2014,test
2183,25pM,2014,train
2184,25pM,2014,train
2185,25pM,2014,train
2186,25pM,2014,train
2187,25pM,2014,validate
2188,25pM,2014,train
2189,25pM,2014,train
2190,25pM,2014,test
2191,25pM,2014,train
2192,25pM,2014,train
2193,25pM,2014,train
2194,25pM,2014,train
2195,25pM,2014,train
2196,25pM,2014,train
2197,25pM,2014,train
2198,25pM,2014,train
2199,25pM,2014,train
2200,25pM,2014,train
2201,25pM,2014,test
2202,25pM,2014,train
2203,25pM,2014,train
2204,25pM,2014,train
2205,25pM,2014,train
2206,25pM,2014,train
2207,25pM,2014,train
2208,25pM,2014,train
2209,25pM,2014,test
2210,25pM,2014,train
2211,25pM,2014,train
2212,2.5pM,2013,train
2213,2.5pM,2013,train
2214,2.5pM,2013,train
2215,2.5pM,2013,train
2216,2.5pM,2013,train
2217,2.5pM,2013,train
2218,2.5pM,2013,train
2219,2.5pM,2013,train
2220,2.5pM,2013,train
2221,2.5pM,2013,train
2222,2.5pM,2013,train
2223,2.5pM,2013,train
2224,2.5pM,2013,test
2225,2.5pM,2013,validate
2226,2.5pM,2013,train
2227,2.5pM,2013,train
2228,2.5pM,2013,train
2229,2.5pM,2013,train
2230,2.5pM,2013,train
2231,2.5pM,2013,train
2232,2.5pM,2013,train
2233,2.5pM,2013,train
2234,2.5pM,2013,train
2235,2.5pM,2013,train
2236,2.5pM,2013,test
2237,2.5pM,2013,train
2238,2.5pM,2013,train
2239,2.5pM,2013,train
2240,2.5pM,2013,train
2241,2.5pM,2013,test
2242,2.5pM,2013,train
2243,2.5pM,2013,train
2244,2.5pM,2013,train
2245,2.5pM,2013,train
2246,2.5pM,2013,train
2247,2.5pM,2013,train
2248,2.5pM,2013,train
2249,2.5pM,2013,train
2250,2.5pM,2013,train
2251,2.5pM,2013,train
2252,2.5pM,2013,test
2253,2.5pM,2013,train
2254,2.5pM,2013,train
2255,2.5pM,2013,test
2256,2.5pM,2013,train
2257,2.5pM,2013,train
2258,2.5pM,2013,train
2259,2.5pM,2013,test
2260,2.5pM,2013,train
2261,2.5pM,2013,train
2262,2.5pM,2013,validate
2263,2.5pM,2013,train
2264,2.5pM,2013,train
2265,2.5pM,2013,train
2266,2.5pM,2013,train
2267,2.5pM,2013,train
2268,2.5pM,2013,train
2269,2.5pM,2013,train
2270,2.5pM,2013,train
2271,2.5pM,2013,train
2272,2.5pM,2013,train
2273,2.5pM,2013,train
2274,2.5pM,2013,test
2275,2.5pM,2013,train
2276,2.5pM,2013,train
2277,2.5pM,2013,validate
2278,2.5pM,2013,validate
2279,2.5pM,2013,train
2280,2.5pM,2013,validate
2281,2.5pM,2013,validate
2282,2.5pM,2013,test
2283,2.5pM,2013,train
2284,2.5pM,2013,test
2285,2.5pM,2013,train
2286,2.5pM,2013,train
2287,2.5pM,2013,test
2288,2.5pM,2013,train
2289,2.5pM,2013,validate
2290,2.5pM,2013,train
2291,2.5pM,2013,train
2292,2.5pM,2013,test
2293,2.5pM,2013,train
2294,2.5pM,2013,train
2295,2.5pM,2013,train
2296,2.5pM,2013,train
2297,2.5pM,2013,validate
2298,2.5pM,2013,train
2299,2.5pM,2013,train
2300,2.5pM,2013,train
2301,2.5pM,2013,train
2302,2.5pM,2013,train
2303,2.5pM,2013,validate
2304,2.5pM,2013,validate
2305,2.5pM,2013,train
2306,2.5pM,2013,train
2307,2.5pM,2013,validate
2308,2.5pM,2013,train
2309,2.5pM,2013,train
2310,2.5pM,2013,test
2311,2.5pM,2013,validate
2312,2.5pM,2013,train
2313,2.5pM,2013,validate
2314,2.5pM,2013,train
2315,2.5pM,2013,train
2316,2.5pM,2013,train
2317,2.5pM,2013,validate
2318,2.5pM,2013,train
2319,2.5pM,2013,train
2320,2.5pM,2013,train
2321,2.5pM,2013,test
2322,2.5pM,2013,train
2323,2.5pM,2013,train
2324,2.5pM,2013,train
2325,2.5pM,2013,validate
2326,2.5pM,2013,train
2327,2.5pM,2013,train
2328,2.5pM,2013,train
2329,2.5pM,2013,train
2330,2.5pM,2013,train
2331,2.5pM,2013,train
2332,2.5pM,2013,train
2333,2.5pM,2013,test
2334,2.5pM,2013,train
2335,2.5pM,2013,train
2336,2.5pM,2013,train
2337,2.5pM,2013,test
2338,2.5pM,2013,train
2339,2.5pM,2013,train
2340,2.5pM,2013,validate
2341,2.5pM,2013,train
2342,2.5pM,2013,train
2343,2.5pM,2013,train
2344,2.5pM,2013,train
2345,2.5pM,2013,train
2346,2.5pM,2013,train
2347,2.5pM,2013,train
2348,2.5pM,2013,train
2349,2.5pM,2013,train
2350,2.5pM,2013,train
2351,2.5pM,2013,train
2352,2.5pM,2013,train
2353,2.5pM,2013,train
2354,2.5pM,2013,train
2355,2.5pM,2013,train
2356,2.5pM,2013,train
2357,2.5pM,2013,train
2358,2.5pM,2013,train
2359,2.5pM,2013,train
2360,2.5pM,2013,train
2361,2.5pM,2013,train
2362,2.5pM,2013,train
2363,2.5pM,2013,train
2364,2.5pM,2013,train
2365,2.5pM,2013,train
2366,2.5pM,2013,train
2367,2.5pM,2013,test
2368,2.5pM,2013,train
2369,2.5pM,2013,train
2370,2.5pM,2013,train
2371,2.5pM,2013,train
2372,2.5pM,2013,train
2373,2.5pM,2013,train
2374,2.5pM,2013,test
2375,2.5pM,2013,train
2376,2.5pM,2013,train
2377,2.5pM,2013,train
2378,2.5pM,2013,train
2379,2.5pM,2013,validate
2380,2.5pM,2013,train
2381,2.5pM,2013,train
2382,2.5pM,2013,train
2383,2.5pM,2013,train
2384,2.5pM,2013,train
2385,2.5pM,2013,train
2386,2.5pM,2013,validate
2387,2.5pM,2013,train
2388,2.5pM,2013,train
2389,2.5pM,2013,train
2390,2.5pM,2013,train
2391,2.5pM,2013,train
2392,2.5pM,2013,train
2393,2.5pM,2013,train
2394,2.5pM,2013,train
2395,2.5pM,2013,test
2396,2.5pM,2013,validate
2397,2.5pM,2013,train
2398,2.5pM,2013,train
2399,2.5pM,2013,train
2400,2.5pM,2013,validate
2401,2.5pM,2013,train
2402,2.5pM,2013,train
2403,2.5pM,2013,train
2404,2.5pM,2013,train
2405,2.5pM,2013,train
2406,2.5pM,2013,train
2407,2.5pM,2013,train
2408,2.5pM,2013,train
2409,2.5pM,2013,validate
2410,2.5pM,2013,train
2411,2.5pM,2013,train
2412,2.5pM,2013,train
2413,2.5pM,2013,train
2414,2.5pM,2013,train
2415,2.5pM,2013,train
2416,2.5pM,2013,train
2417,2.5pM,2013,train
2418,2.5pM,2013,train
2419,2.5pM,2013,test
2420,2.5pM,2013,train
2421,2.5pM,2013,train
2422,2.5pM,2013,test
2423,2.5pM,2013,train
2424,2.5pM,2013,train
2425,2.5pM,2013,test
2426,2.5pM,2013,train
2427,2.5pM,2013,train
2428,2.5pM,2013,train
2429,2.5pM,2013,train
2430,2.5pM,2013,train
2431,2.5pM,2013,train
2432,2.5pM,2013,train
2433,2.5pM,2013,validate
2434,2.5pM,2013,train
2435,2.5pM,2013,train
2436,2.5pM,2013,train
2437,2.5pM,2013,validate
2438,2.5pM,2013,validate
2439,2.5pM,2013,test
2440,2.5pM,2013,train
2441,2.5pM,2013,train
2442,2.5pM,2013,train
2443,2.5pM,2013,train
2444,2.5pM,2013,train
2445,2.5pM,2013,train
2446,2.5pM,2013,train
2447,2.5pM,2013,test
2448,2.5pM,2013,train
2449,2.5pM,2013,test
2450,2.5pM,2013,train
2451,2.5pM,2013,train
2452,2.5pM,2013,train
2453,2.5pM,2013,train
2454,2.5pM,2013,train
2455,2.5pM,2013,train
2456,2.5pM,2013,train
2457,2.5pM,2013,train
2458,2.5pM,2013,train
2459,2.5pM,2013,train
2460,2.5pM,2013,train
2461,2.5pM,2013,train
2462,2.5pM,2013,train
2463,2.5pM,2013,test
2464,2.5pM,2013,validate
2465,2.5pM,2013,train
2466,2.5pM,2013,train
2467,2.5pM,2013,validate
2468,2.5pM,2013,test
2469,2.5pM,2013,test
2470,2.5pM,2013,train
2471,2.5pM,2013,test
2472,2.5pM,2013,validate
2473,2.5pM,2013,train
2474,2.5pM,2013,train
2475,2.5pM,2013,train
2476,2.5pM,2013,train
2477,2.5pM,2013,train
2478,2.5pM,2013,train
2479,2.5pM,2013,train
2480,2.5pM,2013,train
2481,2.5pM,2013,train
2482,2.5pM,2013,train
2483,2.5pM,2013,train
2484,2.5pM,2013,train
2485,2.5pM,2013,train
2486,2.5pM,2013,train
2487,2.5pM,2013,validate
2488,2.5pM,2013,train
2489,2.5pM,2013,train
2490,2.5pM,2013,validate
2491,2.5pM,2013,train
2492,2.5pM,2013,train
2493,2.5pM,2013,train
2494,2.5pM,2013,train
2495,2.5pM,2013,test
2496,2.5pM,2013,train
2497,2.5pM,2013,train
2498,2.5pM,2013,validate
2499,2.5pM,2013,train
2500,2.5pM,2013,train
2501,2.5pM,2013,train
2502,2.5pM,2013,train
2503,2.5pM,2013,train
2504,2.5pM,2013,train
2505,2.5pM,2013,train
2506,2.5pM,2013,train
2507,2.5pM,2013,train
2508,2.5pM,2013,train
2509,2.5pM,2013,train
2510,2.5pM,2013,test
2511,2.5pM,2013,train
2512,2.5pM,2013,train
2513,2.5pM,2013,train
2514,2.5pM,2013,validate
2515,2.5pM,2013,train
2516,2.5pM,2013,train
2517,2.5pM,2013,train
2518,2.5pM,2013,train
2519,2.5pM,2013,train
2520,2.5pM,2013,train
2521,2.5pM,2013,test
2522,2.5pM,2013,train
2523,2.5pM,2013,train
2524,2.5pM,2013,train
2525,2.5pM,2013,train
2526,2.5pM,2014,train
2527,2.5pM,2014,train
2528,2.5pM,2014,test
2529,2.5pM,2014,test
2530,2.5pM,2014,train
2531,2.5pM,2014,train
2532,2.5pM,2014,train
2533,2.5pM,2014,test
2534,2.5pM,2014,train
2535,2.5pM,2014,train
2536,2.5pM,2014,train
2537,2.5pM,2014,train
2538,2.5pM,2014,test
2539,2.5pM,2014,train
2540,2.5pM,2014,train
2541,2.5pM,2014,validate
2542,2.5pM,2014,train
2543,2.5pM,2014,train
2544,2.5pM,2014,train
2545,2.5pM,2014,train
2546,2.5pM,2014,train
2547,2.5pM,2014,train
2548,2.5pM,2014,train
2549,2.5pM,2014,train
2550,2.5pM,2014,train
2551,2.5pM,2014,train
2552,2.5pM,2014,train
2553,2.5pM,2014,train
2554,2.5pM,2014,test
2555,2.5pM,2014,validate
2556,2.5pM,2014,train
2557,2.5pM,2014,train
2558,2.5pM,2014,train
2559,2.5pM,2014,train
2560,2.5pM,2014,train
2561,2.5pM,2014,train
2562,2.5pM,2014,train
2563,2.5pM,2014,train
2564,2.5pM,2014,train
2565,2.5pM,2014,train
2566,2.5pM,2014,train
2567,2.5pM,2014,train
2568,2.5pM,2014,train
2569,2.5pM,2014,train
2570,2.5pM,2014,test
2571,2.5pM,2014,test
2572,2.5pM,2014,train
2573,2.5pM,2014,validate
2574,2.5pM,2014,train
2575,2.5pM,2014,train
2576,2.5pM,2014,train
2577,2.5pM,2014,train
2578,2.5pM,2014,train
2579,2.5pM,2014,train
2580,2.5pM,2014,validate
2581,2.5pM,2014,train
2582,2.5pM,2014,train
2583,2.5pM,2014,train
2584,2.5pM,2014,train
2585,2.5pM,2014,train
2586,2.5pM,2014,train
2587,2.5pM,2014,train
2588,2.5pM,2014,train
2589,2.5pM,2014,train
2590,2.5pM,2014,train
2591,2.5pM,2014,train
2592,2.5pM,2014,train
2593,2.5pM,2014,train
2594,2.5pM,2014,train
2595,2.5pM,2014,train
2596,2.5pM,2014,train
2597,2.5pM,2014,train
2598,2.5pM,2014,train
2599,2.5pM,2014,validate
2600,2.5pM,2014,train
2601,2.5pM,2014,train
2602,2.5pM,2014,test
2603,2.5pM,2014,test
2604,2.5pM,2014,train
2605,2.5pM,2014,validate
2606,2.5pM,2014,train
2607,2.5pM,2014,train
2608,2.5pM,2014,train
2609,2.5pM,2014,validate
2610,2.5pM,2014,train
2611,2.5pM,2014,validate
2612,2.5pM,2014,train
2613,2.5pM,2014,train
2614,2.5pM,2014,train
2615,2.5pM,2014,train
2616,2.5pM,2014,train
2617,2.5pM,2014,train
2618,2.5pM,2014,test
2619,2.5pM,2014,train
2620,2.5pM,2014,train
2621,2.5pM,2014,train
2622,2.5pM,2014,validate
2623,2.5pM,2014,train
2624,2.5pM,2014,train
2625,2.5pM,2014,train
2626,2.5pM,2014,train
2627,2.5pM,2014,train
2628,2.5pM,2014,train
2629,2.5pM,2014,train
2630,2.5pM,2014,train
2631,2.5pM,2014,train
2632,2.5pM,2014,train
2633,2.5pM,2014,train
2634,2.5pM,2014,train
2635,2.5pM,2014,train
2636,2.5pM,2014,train
2637,2.5pM,2014,train
2638,2.5pM,2014,train
2639,2.5pM,2014,train
2640,2.5pM,2014,train
2641,2.5pM,2014,train
2642,2.5pM,2014,validate
2643,2.5pM,2014,train
2644,2.5pM,2014,train
2645,2.5pM,2014,train
2646,2.5pM,2014,train
2647,2.5pM,2014,train
2648,2.5pM,2014,train
2649,2.5pM,2014,train
2650,2.5pM,2014,train
2651,2.5pM,2014,train
2652,2.5pM,2014,train
2653,2.5pM,2014,train
2654,2.5pM,2014,train
2655,2.5pM,2014,train
2656,2.5pM,2014,train
2657,2.5pM,2014,train
2658,2.5pM,2014,train
2659,2.5pM,2014,train
2660,2.5pM,2014,train
2661,2.5pM,2014,train
2662,2.5pM,2014,train
2663,2.5pM,2014,test
2664,2.5pM,2014,train
2665,2.5pM,2014,train
2666,2.5pM,2014,train
2667,2.5pM,2014,train
2668,2.5pM,2014,test
2669,2.5pM,2014,train
2670,2.5pM,2014,train
2671,2.5pM,2014,train
2672,2.5pM,2014,train
2673,2.5pM,2014,train
2674,2.5pM,2014,test
2675,2.5pM,2014,train
2676,2.5pM,2014,train
2677,2.5pM,2014,validate
2678,2.5pM,2014,validate
2679,2.5pM,2014,train
2680,2.5pM,2014,validate
2681,2.5pM,2014,train
2682,2.5pM,2014,train
2683,2.5pM,2014,validate
2684,2.5pM,2014,train
2685,2.5pM,2014,train
2686,2.5pM,2014,train
2687,2.5pM,2014,train
2688,2.5pM,2014,train
2689,2.5pM,2014,train
2690,2.5pM,2014,train
2691,2.5pM,2014,train
2692,2.5pM,2014,validate
2693,2.5pM,2014,train
2694,2.5pM,2014,train
2695,2.5pM,2014,train
2696,2.5pM,2014,train
2697,2.5pM,2014,train
2698,2.5pM,2014,train
2699,2.5pM,2014,train
2700,2.5pM,2014,train
2701,2.5pM,2014,train
2702,2.5pM,2014,train
2703,2.5pM,2014,train
2704,2.5pM,2014,train
2705,2.5pM,2014,test
2706,2.5pM,2014,test
2707,2.5pM,2014,train
2708,2.5pM,2014,train
2709,2.5pM,2014,validate
2710,2.5pM,2014,test
2711,2.5pM,2014,train
2712,2.5pM,2014,train
2713,2.5pM,2014,train
2714,2.5pM,2014,validate
2715,2.5pM,2014,test
2716,2.5pM,2014,train
2717,2.5pM,2014,train
2718,2.5pM,2014,train
2719,2.5pM,2014,train
2720,2.5pM,2014,train
2721,2.5pM,2014,train
2722,2.5pM,2014,validate
2723,2.5pM,2014,test
2724,2.5pM,2014,train
2725,2.5pM,2014,train
2726,2.5pM,2014,validate
2727,2.5pM,2014,train
2728,2.5pM,2014,train
2729,2.5pM,2014,test
2730,2.5pM,2014,train
2731,2.5pM,2014,train
2732,2.5pM,2014,train
2733,2.5pM,2014,train
2734,2.5pM,2014,train
2735,2.5pM,2014,train
2736,2.5pM,2014,train
2737,2.5pM,2014,train
2738,2.5pM,2014,test
2739,2.5pM,2014,train
2740,2.5pM,2014,train
2741,2.5pM,2014,test
2742,2.5pM,2014,train
2743,2.5pM,2014,train
2744,2.5pM,2014,train
2745,2.5pM,2014,validate
2746,2.5pM,2014,train
2747,2.5pM,2014,test
2748,2.5pM,2014,validate
2749,2.5pM,2014,train
2750,2.5pM,2014,train
2751,2.5pM,2014,train
2752,2.5pM,2014,train
2753,2.5pM,2014,validate
2754,2.5pM,2014,train
2755,2.5pM,2014,train
2756,2.5pM,2014,validate
2757,2.5pM,2014,train
2758,2.5pM,2014,train
2759,2.5pM,2014,test
2760,2.5pM,2014,train
2761,2.5pM,2014,train
2762,2.5pM,2014,train
2763,2.5pM,2014,train
2764,2.5pM,2014,train
2765,2.5pM,2014,validate
2766,2.5pM,2014,test
2767,2.5pM,2014,train
2768,2.5pM,2014,train
2769,2.5pM,2014,train
2770,2.5pM,2014,train
2771,2.5pM,2014,train
2772,2.5pM,2014,train
2773,2.5pM,2014,train
2774,2.5pM,2014,train
2775,2.5pM,2014,train
2776,2.5pM,2014,train
2777,2.5pM,2014,train
2778,2.5pM,2014,test
2779,2.5pM,2014,train
2780,2.5pM,2014,train
2781,2.5pM,2014,train
2782,2.5pM,2014,train
2783,2.5pM,2014,train
2784,2.5pM,2014,test
2785,2.5pM,2014,train
2786,2.5pM,2014,train
2787,2.5pM,2014,train
2788,2.5pM,2014,train
2789,2.5pM,2014,validate
2790,2.5pM,2014,test
2791,2.5pM,2014,test
2792,2.5pM,2014,train
2793,2.5pM,2014,validate
2794,2.5pM,2014,validate
2795,2.5pM,2014,train
2796,2.5pM,2014,validate
2797,2.5pM,2014,train
2798,2.5pM,2014,train
2799,2.5pM,2014,train
2800,2.5pM,2014,train
2801,2.5pM,2014,test
2802,2.5pM,2014,train
2803,2.5pM,2014,train
2804,2.5pM,2014,test
2805,2.5pM,2014,test
2806,2.5pM,2014,train
2807,2.5pM,2014,test
2808,2.5pM,2014,validate
2809,2.5pM,2014,train
2810,2.5pM,2014,train
2811,2.5pM,2014,train
2812,2.5pM,2014,train
2813,2.5pM,2014,train
2814,2.5pM,2014,train
2815,2.5pM,2014,test
2816,2.5pM,2014,train
2817,2.5pM,2014,train
2818,2.5pM,2014,validate
2819,2.5pM,2014,train
2820,2.5pM,2014,train
2821,2.5pM,2014,train
2822,2.5pM,2014,train
2823,2.5pM,2014,train
2824,2.5pM,2014,train
2825,2.5pM,2014,train
2826,2.5pM,2014,train
2827,2.5pM,2014,train
2828,2.5pM,2014,train
2829,2.5pM,2014,train
2830,2.5pM,2014,train
2831,2.5pM,2014,train
2832,2.5pM,2014,train
2833,2.5pM,2014,train
2834,2.5pM,2014,train
2835,2.5pM,2014,train
2836,2.5pM,2014,train
2837,2.5pM,2014,train
2838,2.5pM,2014,train
2839,2.5pM,2014,train
2840,2.5pM,2014,train
2841,2.5pM,2014,train
2842,2.5pM,2014,train
2843,2.5pM,2014,train
2844,2.5pM,2014,train
2845,2.5pM,2014,train
2846,2.5pM,2014,train
2847,2.5pM,2014,train
2848,2.5pM,2014,train
2849,2.5pM,2014,train
2850,2.5pM,2014,train
2851,2.5pM,2014,validate
2852,2.5pM,2014,validate
2853,2.5pM,2014,validate
2854,2.5pM,2014,train
2855,2.5pM,2014,train
2856,2.5pM,2014,train
2857,2.5pM,2014,train
2858,2.5pM,2014,train
2859,2.5pM,2014,train
2860,2.5pM,2014,train
2861,2.5pM,2014,train
2862,2.5pM,2014,train
2863,2.5pM,2014,train
2864,2.5pM,2014,train
2865,2.5pM,2014,train
2866,2.5pM,2014,validate
2867,2.5pM,2014,train
2868,2.5pM,2014,train
2869,2.5pM,2014,validate
2870,2.5pM,2014,train
2871,2.5pM,2014,train
2872,2.5pM,2014,train
2873,2.5pM,2014,test
2874,2.5pM,2014,train
2875,2.5pM,2014,test
2876,2.5pM,2014,train
2877,5pM,2013,train
2878,5pM,2013,train
2879,5pM,2013,train
2880,5pM,2013,train
2881,5pM,2013,train
2882,5pM,2013,train
2883,5pM,2013,train
2884,5pM,2013,train
2885,5pM,2013,train
2886,5pM,2013,train
2887,5pM,2013,train
2888,5pM,2013,test
2889,5pM,2013,train
2890,5pM,2013,train
2891,5pM,2013,test
2892,5pM,2013,train
2893,5pM,2013,validate
2894,5pM,2013,train
2895,5pM,2013,train
2896,5pM,2013,train
2897,5pM,2013,train
2898,5pM,2013,train
2899,5pM,2013,train
2900,5pM,2013,validate
2901,5pM,2013,train
2902,5pM,2013,train
2903,5pM,2013,train
2904,5pM,2013,train
2905,5pM,2013,validate
2906,5pM,2013,train
2907,5pM,2013,train
2908,5pM,2013,train
2909,5pM,2013,train
2910,5pM,2013,train
2911,5pM,2013,train
2912,5pM,2013,train
2913,5pM,2013,train
2914,5pM,2013,test
2915,5pM,2013,train
2916,5pM,2013,train
2917,5pM,2013,train
2918,5pM,2013,train
2919,5pM,2013,train
2920,5pM,2013,train
2921,5pM,2013,train
2922,5pM,2013,train
2923,5pM,2013,validate
2924,5pM,2013,train
2925,5pM,2013,train
2926,5pM,2013,train
2927,5pM,2013,train
2928,5pM,2013,train
2929,5pM,2013,train
2930,5pM,2013,train
2931,5pM,2013,train
2932,5pM,2013,train
2933,5pM,2013,train
2934,5pM,2013,validate
2935,5pM,2013,test
2936,5pM,2013,test
2937,5pM,2013,train
2938,5pM,2013,train
2939,5pM,2013,train
2940,5pM,2013,train
2941,5pM,2013,train
2942,5pM,2013,train
2943,5pM,2013,train
2944,5pM,2013,validate
2945,5pM,2013,train
2946,5pM,2013,train
2947,5pM,2013,train
2948,5pM,2013,train
2949,5pM,2013,train
2950,5pM,2013,train
2951,5pM,2013,train
2952,5pM,2013,train
2953,5pM,2013,train
2954,5pM,2013,train
2955,5pM,2013,train
2956,5pM,2013,train
2957,5pM,2013,validate
2958,5pM,2013,train
2959,5pM,2013,train
2960,5pM,2013,train
2961,5pM,2013,train
2962,5pM,2013,train
2963,5pM,2013,train
2964,5pM,2013,train
2965,5pM,2013,validate
2966,5pM,2013,train
2967,5pM,2013,train
2968,5pM,2013,train
2969,5pM,2013,train
2970,5pM,2013,train
2971,5pM,2013,train
2972,5pM,2013,train
2973,5pM,2013,validate
2974,5pM,2013,train
2975,5pM,2013,test
2976,5pM,2013,validate
2977,5pM,2013,train
2978,5pM,2013,train
2979,5pM,2013,train
2980,5pM,2013,train
2981,5pM,2013,train
2982,5pM,2013,train
2983,5pM,2013,validate
2984,5pM,2013,train
2985,5pM,2013,validate
2986,5pM,2013,train
2987,5pM,2013,validate
2988,5pM,2013,validate
2989,5pM,2013,train
2990,5pM,2013,train
2991,5pM,2013,train
2992,5pM,2013,train
2993,5pM,2013,test
2994,5pM,2013,train
2995,5pM,2013,train
2996,5pM,2013,train
2997,5pM,2013,train
2998,5pM,2013,train
2999,5pM,2013,test
3000,5pM,2013,train
3001,5pM,2013,train
3002,5pM,2013,train
3003,5pM,2013,test
3004,5pM,2013,train
3005,5pM,2013,train
3006,5pM,2013,train
3007,5pM,2013,test
3008,5pM,2013,train
3009,5pM,2013,train
3010,5pM,2013,validate
3011,5pM,2013,train
3012,5pM,2013,train
3013,5pM,2013,train
3014,5pM,2013,train
3015,5pM,2013,train
3016,5pM,2013,train
3017,5pM,2013,train
3018,5pM,2013,train
3019,5pM,2013,train
3020,5pM,2013,test
3021,5pM,2013,train
3022,5pM,2013,train
3023,5pM,2013,test
3024,5pM,2013,train
3025,5pM,2013,train
3026,5pM,2013,train
3027,5pM,2013,train
3028,5pM,2013,test
3029,5pM,2013,test
3030,5pM,2013,train
3031,5pM,2013,train
3032,5pM,2013,train
3033,5pM,2013,train
3034,5pM,2013,train
3035,5pM,2013,validate
3036,5pM,2013,train
3037,5pM,2013,train
3038,5pM,2013,train
3039,5pM,2013,validate
3040,5pM,2013,train
3041,5pM,2013,train
3042,5pM,2013,train
3043,5pM,2013,validate
3044,5pM,2013,train
3045,5pM,2013,train
3046,5pM,2013,train
3047,5pM,2013,train
3048,5pM,2013,validate
3049,5pM,2013,train
3050,5pM,2013,train
3051,5pM,2013,train
3052,5pM,2013,test
3053,5pM,2013,train
3054,5pM,2013,train
3055,5pM,2013,test
3056,5pM,2013,train
3057,5pM,2013,train
3058,5pM,2013,test
3059,5pM,2013,train
3060,5pM,2013,train
3061,5pM,2013,train
3062,5pM,2013,validate
3063,5pM,2013,train
3064,5pM,2013,test
3065,5pM,2013,train
3066,5pM,2013,train
3067,5pM,2013,validate
3068,5pM,2013,train
3069,5pM,2013,validate
3070,5pM,2013,train
3071,5pM,2013,train
3072,5pM,2013,train
3073,5pM,2013,train
3074,5pM,2013,train
3075,5pM,2013,test
3076,5pM,2013,train
3077,5pM,2013,test
3078,5pM,2013,train
3079,5pM,2013,train
3080,5pM,2013,test
3081,5pM,2013,train
3082,5pM,2013,train
3083,5pM,2013,train
3084,5pM,2013,train
3085,5pM,2013,validate
3086,5pM,2013,train
3087,5pM,2013,train
3088,5pM,2013,test
3089,5pM,2013,train
3090,5pM,2013,train
3091,5pM,2013,train
3092,5pM,2013,train
3093,5pM,2013,test
3094,5pM,2013,train
3095,5pM,2013,train
3096,5pM,2013,train
3097,5pM,2013,validate
3098,5pM,2013,train
3099,5pM,2013,train
3100,5pM,2013,train
3101,5pM,2013,train
3102,5pM,2013,train
3103,5pM,2013,train
3104,5pM,2013,train
3105,5pM,2013,train
3106,5pM,2013,train
3107,5pM,2013,train
3108,5pM,2013,train
3109,5pM,2013,test
3110,5pM,2013,train
3111,5pM,2013,validate
3112,5pM,2013,train
3113,5pM,2013,train
3114,5pM,2013,test
3115,5pM,2013,train
3116,5pM,2013,train
3117,5pM,2013,test
3118,5pM,2013,train
3119,5pM,2013,train
3120,5pM,2013,train
3121,5pM,2013,train
3122,5pM,2013,train
3123,5pM,2013,train
3124,5pM,2013,train
3125,5pM,2013,validate
3126,5pM,2013,train
3127,5pM,2013,train
3128,5pM,2013,train
3129,5pM,2013,train
3130,5pM,2013,train
3131,5pM,2013,train
3132,5pM,2013,train
3133,5pM,2013,validate
3134,5pM,2013,train
3135,5pM,2013,test
3136,5pM,2013,train
3137,5pM,2013,test
3138,5pM,2013,train
3139,5pM,2013,train
3140,5pM,2013,train
3141,5pM,2013,train
3142,5pM,2013,train
3143,5pM,2013,train
3144,5pM,2013,train
3145,5pM,2013,train
3146,5pM,2013,train
3147,5pM,2013,test
3148,5pM,2013,train
3149,5pM,2013,train
3150,5pM,2013,train
3151,5pM,2013,validate
3152,5pM,2013,train
3153,5pM,2013,train
3154,5pM,2013,validate
3155,5pM,2013,train
3156,5pM,2013,train
3157,5pM,2013,train
3158,5pM,2013,train
3159,5pM,2013,train
3160,5pM,2013,train
3161,5pM,2013,train
3162,5pM,2013,train
3163,5pM,2013,train
3164,5pM,2013,train
3165,5pM,2013,train
3166,5pM,2013,validate
3167,5pM,2013,train
3168,5pM,2013,train
3169,5pM,2013,test
3170,5pM,2013,train
3171,5pM,2013,train
3172,5pM,2014,train
3173,5pM,2014,train
3174,5pM,2014,train
3175,5pM,2014,train
3176,5pM,2014,train
3177,5pM,2014,train
3178,5pM,2014,train
3179,5pM,2014,test
3180,5pM,2014,train
3181,5pM,2014,train
3182,5pM,2014,train
3183,5pM,2014,train
3184,5pM,2014,train
3185,5pM,2014,train
3186,5pM,2014,train
3187,5pM,2014,train
3188,5pM,2014,train
3189,5pM,2014,train
3190,5pM,2014,test
3191,5pM,2014,train
3192,5pM,2014,train
3193,5pM,2014,train
3194,5pM,2014,train
3195,5pM,2014,validate
3196,5pM,2014,train
3197,5pM,2014,validate
3198,5pM,2014,train
3199,5pM,2014,train
3200,5pM,2014,train
3201,5pM,2014,train
3202,5pM,2014,train
3203,5pM,2014,train
3204,5pM,2014,validate
3205,5pM,2014,train
3206,5pM,2014,train
3207,5pM,2014,train
3208,5pM,2014,train
3209,5pM,2014,train
3210,5pM,2014,test
3211,5pM,2014,train
3212,5pM,2014,train
3213,5pM,2014,test
3214,5pM,2014,train
3215,5pM,2014,validate
3216,5pM,2014,train
3217,5pM,2014,train
3218,5pM,2014,test
3219,5pM,2014,train
3220,5pM,2014,train
3221,5pM,2014,train
3222,5pM,2014,validate
3223,5pM,2014,train
3224,5pM,2014,train
3225,5pM,2014,test
3226,5pM,2014,train
3227,5pM,2014,train
3228,5pM,2014,test
3229,5pM,2014,train
3230,5pM,2014,train
3231,5pM,2014,train
3232,5pM,2014,train
3233,5pM,2014,train
3234,5pM,2014,train
3235,5pM,2014,train
3236,5pM,2014,train
3237,5pM,2014,train
3238,5pM,2014,train
3239,5pM,2014,train
3240,5pM,2014,train
3241,5pM,2014,train
3242,5pM,2014,test
3243,5pM,2014,train
3244,5pM,2014,train
3245,5pM,2014,train
3246,5pM,2014,train
3247,5pM,2014,train
3248,5pM,2014,train
3249,5pM,2014,train
3250,5pM,2014,test
3251,5pM,2014,validate
3252,5pM,2014,train
3253,5pM,2014,train
3254,5pM,2014,train
3255,5pM,2014,train
3256,5pM,2014,test
3257,5pM,2014,train
3258,5pM,2014,train
3259,5pM,2014,validate
3260,5pM,2014,train
3261,5pM,2014,train
3262,5pM,2014,train
3263,5pM,2014,train
3264,5pM,2014,test
3265,5pM,2014,train
3266,5pM,2014,train
3267,5pM,2014,validate
3268,5pM,2014,test
3269,5pM,2014,test
3270,5pM,2014,train
3271,5pM,2014,train
3272,5pM,2014,train
3273,5pM,2014,train
3274,5pM,2014,test
3275,5pM,2014,train
3276,5pM,2014,train
3277,5pM,2014,train
3278,5pM,2014,validate
3279,5pM,2014,train
3280,5pM,2014,train
3281,5pM,2014,train
3282,5pM,2014,train
3283,5pM,2014,train
3284,5pM,2014,validate
3285,5pM,2014,train
3286,5pM,2014,train
3287,5pM,2014,test
3288,5pM,2014,validate
3289,5pM,2014,train
3290,5pM,2014,train
3291,5pM,2014,train
3292,5pM,2014,train
3293,5pM,2014,validate
3294,5pM,2014,test
3295,5pM,2014,train
3296,5pM,2014,train
3297,5pM,2014,train
3298,5pM,2014,train
3299,5pM,2014,train
3300,5pM,2014,train
3301,5pM,2014,train
3302,5pM,2014,train
3303,5pM,2014,test
3304,5pM,2014,train
3305,5pM,2014,train
3306,5pM,2014,train
3307,5pM,2014,train
3308,5pM,2014,train
3309,5pM,2014,train
3310,5pM,2014,train
3311,5pM,2014,train
3312,5pM,2014,train
3313,5pM,2014,validate
3314,5pM,2014,train
3315,5pM,2014,train
3316,5pM,2014,train
3317,5pM,2014,train
3318,5pM,2014,train
3319,5pM,2014,train
3320,5pM,2014,train
3321,5pM,2014,train
3322,5pM,2014,train
3323,5pM,2014,train
3324,5pM,2014,test
3325,5pM,2014,train
3326,5pM,2014,train
3327,5pM,2014,train
3328,5pM,2014,validate
3329,5pM,2014,train
3330,5pM,2014,train
3331,5pM,2014,train
3332,5pM,2014,test
3333,5pM,2014,train
3334,5pM,2014,validate
3335,5pM,2014,train
3336,5pM,2014,train
3337,5pM,2014,train
3338,5pM,2014,train
3339,5pM,2014,train
3340,5pM,2014,train
3341,5pM,2014,train
3342,5pM,2014,train
3343,5pM,2014,train
3344,5pM,2014,train
3345,5pM,2014,train
3346,5pM,2014,test
3347,5pM,2014,train
3348,5pM,2014,train
3349,5pM,2014,train
3350,5pM,2014,train
3351,5pM,2014,train
3352,5pM,2014,train
3353,5pM,2014,train
3354,5pM,2014,train
3355,5pM,2014,validate
3356,5pM,2014,train
3357,5pM,2014,validate
3358,5pM,2014,validate
3359,5pM,2014,train
3360,5pM,2014,train
3361,5pM,2014,train
3362,5pM,2014,train
3363,5pM,2014,train
3364,5pM,2014,train
3365,5pM,2014,train
3366,5pM,2014,train
3367,5pM,2014,validate
3368,5pM,2014,train
3369,5pM,2014,train
3370,5pM,2014,train
3371,5pM,2014,train
3372,5pM,2014,train
3373,5pM,2014,train
3374,5pM,2014,train
3375,5pM,2014,validate
3376,5pM,2014,train
3377,5pM,2014,train
3378,5pM,2014,train
3379,5pM,2014,train
3380,5pM,2014,test
3381,5pM,2014,test
3382,5pM,2014,validate
3383,5pM,2014,train
3384,5pM,2014,train
3385,5pM,2014,validate
3386,5pM,2014,train
3387,5pM,2014,test
3388,5pM,2014,train
3389,5pM,2014,validate
3390,5pM,2014,test
3391,5pM,2014,train
3392,5pM,2014,train
3393,5pM,2014,train
3394,5pM,2014,validate
3395,5pM,2014,train
3396,5pM,2014,train
3397,5pM,2014,train
3398,5pM,2014,train
3399,5pM,2014,train
3400,5pM,2014,train
3401,5pM,2014,train
3402,5pM,2014,validate
3403,5pM,2014,train
3404,5pM,2014,train
3405,5pM,2014,train
3406,5pM,2014,train
3407,5pM,2014,test
3408,5pM,2014,train
3409,5pM,2014,train
3410,5pM,2014,train
3411,5pM,2014,train
3412,5pM,2014,train
3413,5pM,2014,train
3414,5pM,2014,validate
3415,5pM,2014,train
3416,5pM,2014,train
3417,5pM,2014,train
3418,5pM,2014,train
3419,5pM,2014,train
3420,5pM,2014,train
3421,5pM,2014,validate
3422,5pM,2014,train
3423,5pM,2014,train
3424,5pM,2014,train
3425,5pM,2014,train
3426,5pM,2014,train
3427,5pM,2014,train
3428,5pM,2014,test
3429,5pM,2014,train
3430,5pM,2014,train
3431,5pM,2014,validate
3432,5pM,2014,train
3433,5pM,2014,test
3434,5pM,2014,train
3435,5pM,2014,train
3436,5pM,2014,train
3437,5pM,2014,train
3438,5pM,2014,train
3439,5pM,2014,train
3440,5pM,2014,train
3441,5pM,2014,test
3442,5pM,2014,test
3443,5pM,2014,train
3444,5pM,2014,train
3445,5pM,2014,train
3446,5pM,2014,validate
3447,5pM,2014,train
3448,5pM,2014,train
3449,5pM,2014,test
3450,5pM,2014,train
3451,5pM,2014,train
3452,5pM,2014,train
3453,5pM,2014,validate
3454,5pM,2014,test
3455,5pM,2014,train
3456,5pM,2014,train
3457,5pM,2014,train
3458,5pM,2014,validate
3459,5pM,2014,train
3460,5pM,2014,train
3461,5pM,2014,train
3462,5pM,2014,validate
3463,5pM,2014,train
3464,5pM,2014,train
3465,5pM,2014,train
3466,5pM,2014,train
3467,5pM,2014,train
3468,5pM,2014,train
3469,5pM,2014,train
3470,5pM,2014,test
3471,5pM,2014,train
3472,5pM,2014,train
3473,5pM,2014,train
3474,5pM,2014,train
3475,5pM,2014,train
3476,5pM,2014,train
3477,5pM,2014,train
3478,5pM,2014,train
3479,5pM,2014,train
3480,5pM,2014,train
3481,5pM,2014,train
3482,5pM,2014,train
3483,5pM,2014,train
3484,5pM,2014,train
3485,5pM,2014,train
3486,5pM,2014,train
3487,5pM,2014,train
